video_id,title,description,channel_id,channel_title,published_at,category_id,tags,default_language,duration_iso,duration_sec,definition,caption,view_count,like_count,comment_count,favorite_count,topic_categories,fetched_at
TRkXAKU9e2Q,小小一個動作直接支配防守🏀 #籃球 #有料教學 #俊鸿TV #曾舔舔 #曾教練,,UCA4a0MIEQqFWqukJ7Hha2LQ,曾舔舔🕊️,2026-05-24T09:30:45Z,22,,zh,PT1M25S,85,hd,False,39779,1054,23,0,https://en.wikipedia.org/wiki/Sport,2026-05-27T06:49:30.480239+00:00
KXl0HEOpDFw,當你的隊友打球跑戰術理解錯意思時…🤣🏀#真實 #搞笑 #俊鸿TV #微米,,UCA4a0MIEQqFWqukJ7Hha2LQ,曾舔舔🕊️,2026-05-23T10:33:58Z,22,,zh,PT18S,18,hd,False,40818,682,8,0,https://en.wikipedia.org/wiki/Basketball|https://en.wikipedia.org/wiki/Humour|https://en.wikipedia.org/wiki/Sport,2026-05-27T06:49:30.480239+00:00
6Wwig3WFqWw,「高球商玩弄06」高球商反制卑鄙對手🏀 #籃球 #有料教學 #俊鸿TV #曾舔舔 #曾教練,,UCA4a0MIEQqFWqukJ7Hha2LQ,曾舔舔🕊️,2026-05-22T09:57:00Z,22,,zh,PT29S,29,hd,False,53855,782,8,0,https://en.wikipedia.org/wiki/Basketball|https://en.wikipedia.org/wiki/Sport,2026-05-27T06:49:30.480239+00:00
u3k_B4Llp0A,「王師傅」草根球手和職業球員最大的差距在於戰術意識和籃球智商，深深的感受到了差距！繼續努力吧！🏀#籃球 #超級草根 #超级草根 #王师傅 #超级草根王师傅,,UCA4a0MIEQqFWqukJ7Hha2LQ,曾舔舔🕊️,2026-05-20T10:55:00Z,22,,zh,PT1M45S,105,hd,False,11092,226,1,0,https://en.wikipedia.org/wiki/Basketball|https://en.wikipedia.org/wiki/Sport,2026-05-27T06:49:30.480239+00:00
k4MdShZkLyg,「王師傅」太強了！很久沒見過這麼復古打法的球員了，真的防不住🇷🇸🏀#籃球 #超級草根 #超级草根 #王师傅 #超级草根王师傅,,UCA4a0MIEQqFWqukJ7Hha2LQ,曾舔舔🕊️,2026-05-20T09:47:45Z,22,,zh,PT2M42S,162,hd,False,238547,4111,50,0,https://en.wikipedia.org/wiki/Basketball|https://en.wikipedia.org/wiki/Sport,2026-05-27T06:49:30.480239+00:00
0O0Vwz_GKoA,「靠腰穿搭」這鉚釘設計，讓我感覺回到了千禧年…👖😎#veteranboi #靠腰穿搭 #穿搭 #俊鴻 #俊鸿TV #俊鸿,,UCA4a0MIEQqFWqukJ7Hha2LQ,曾舔舔🕊️,2026-05-20T04:05:00Z,22,,zh,PT3M,180,hd,False,11839,416,5,0,https://en.wikipedia.org/wiki/Lifestyle_(sociology),2026-05-27T06:49:30.480239+00:00
xm3WWxsWYm0,Supercover Team🏋️Hyrox！🏀 #hyroxtraining #hyrox #體能訓練 #sonnyweems #supercover #曾舔舔 #曾教練,,UCA4a0MIEQqFWqukJ7Hha2LQ,曾舔舔🕊️,2026-05-19T11:23:13Z,22,,zh,PT1M34S,94,hd,False,21019,364,3,0,https://en.wikipedia.org/wiki/Physical_fitness|https://en.wikipedia.org/wiki/Sport,2026-05-27T06:49:30.480239+00:00
UoKBobWQ4O4,「新生阿猿42」老派教練的醒悟🏀 #新生阿猿 #籃球 #短劇 #劇場 #basketball #一人分飾多角 #我愛牛肉漢堡 #我爱牛肉汉堡,,UCA4a0MIEQqFWqukJ7Hha2LQ,曾舔舔🕊️,2026-05-18T11:09:03Z,22,,zh,PT2M26S,146,hd,False,137526,3621,28,0,https://en.wikipedia.org/wiki/Basketball|https://en.wikipedia.org/wiki/Sport,2026-05-27T06:49:30.480239+00:00
91BsByLJ1GI,假笑哥微米愛改裝，廣東人均修正帶？🤣🏀#二級傳動 #二级传动 #微米,,UCA4a0MIEQqFWqukJ7Hha2LQ,曾舔舔🕊️,2026-05-16T10:02:20Z,22,,zh,PT31S,31,hd,False,7777,232,5,0,https://en.wikipedia.org/wiki/Lifestyle_(sociology),2026-05-27T06:49:30.480239+00:00
QcNhfrigrRQ,「曾郎的籃球03」精神屬性疊滿的打球方式🏀🤣#籃球 #實戰分析 #搞笑 #小說腔 #俊鸿TV #曾舔舔 #曾教練,,UCA4a0MIEQqFWqukJ7Hha2LQ,曾舔舔🕊️,2026-05-15T09:50:01Z,22,,zh,PT1M47S,107,hd,False,74451,1353,25,0,https://en.wikipedia.org/wiki/Basketball|https://en.wikipedia.org/wiki/Sport,2026-05-27T06:49:30.480239+00:00
P7f2GdjZ-10,「王師傅」最近這段時間在塞爾維亞🇷🇸訓練，感受一下籃球強國的職業訓練🏀#籃球 #超級草根 #超级草根 #王师傅 #超级草根王师傅,,UCA4a0MIEQqFWqukJ7Hha2LQ,曾舔舔🕊️,2026-05-15T03:55:01Z,22,,zh,PT1M16S,76,hd,False,20497,672,8,0,https://en.wikipedia.org/wiki/Basketball|https://en.wikipedia.org/wiki/Sport,2026-05-27T06:49:30.480239+00:00
pfuORq-Dkok,曾教練 & 俊鸿TV「李現」Hyrox初體驗💦#hyroxtraining #hyrox #鴻毅,,UCA4a0MIEQqFWqukJ7Hha2LQ,曾舔舔🕊️,2026-05-14T14:29:08Z,22,,zh,PT55S,55,hd,False,11883,188,2,0,https://en.wikipedia.org/wiki/Lifestyle_(sociology)|https://en.wikipedia.org/wiki/Physical_fitness,2026-05-27T06:49:30.480239+00:00
f4lZcqKKNwg,当假笑哥微米遇到假粉絲要合影🤣🏀#真實 #搞笑 #俊鸿TV #微米,,UCA4a0MIEQqFWqukJ7Hha2LQ,曾舔舔🕊️,2026-05-14T10:17:02Z,22,,zh,PT14S,14,hd,False,57182,647,1,0,https://en.wikipedia.org/wiki/Humour|https://en.wikipedia.org/wiki/Lifestyle_(sociology),2026-05-27T06:49:30.480239+00:00
ifyzvVHCjcE,「實戰分析」三米不到的曾郎燃盡自己…如何破全場緊逼🏀,#籃球 #實戰分析 #俊鸿TV #曾舔舔 #曾教練,UCA4a0MIEQqFWqukJ7Hha2LQ,曾舔舔🕊️,2026-05-13T12:16:03Z,22,,zh-Hant,PT2M41S,161,hd,False,682,24,2,0,https://en.wikipedia.org/wiki/Basketball|https://en.wikipedia.org/wiki/Sport,2026-05-27T06:49:30.480239+00:00
cZtq39TxezM,兄弟們打球保護好自己，沒想到還能被對手牙齒嗑出這麼大的口子🏀 #籃球 #有料教學 #俊鸿TV #曾舔舔 #曾教練,,UCA4a0MIEQqFWqukJ7Hha2LQ,曾舔舔🕊️,2026-05-12T04:06:20Z,22,,zh,PT29S,29,hd,False,91776,1706,25,0,https://en.wikipedia.org/wiki/Basketball|https://en.wikipedia.org/wiki/Lifestyle_(sociology),2026-05-27T06:49:30.480239+00:00
l2Jr0BVHznY,他傻了，打了一下午球都沒幹到水和菸🏀#俊鸿 #日常 #歷史影片,,UCA4a0MIEQqFWqukJ7Hha2LQ,曾舔舔🕊️,2026-05-10T04:17:08Z,22,,zh,PT8S,8,hd,False,9429,98,1,0,https://en.wikipedia.org/wiki/Lifestyle_(sociology),2026-05-27T06:49:30.480239+00:00
ZOOpbrckfnM,「實戰分析」俊鸿+牛肉漢堡🆚曾舔舔 隊內訓練賽！重振古典內線球風，最有殺傷力的打法之一🏀#籃球 #實戰分析 #俊鸿TV #我爱牛肉汉堡,,UCA4a0MIEQqFWqukJ7Hha2LQ,曾舔舔🕊️,2026-05-07T13:37:20Z,22,,zh,PT1M41S,101,hd,False,43172,856,11,0,https://en.wikipedia.org/wiki/Basketball|https://en.wikipedia.org/wiki/Sport,2026-05-27T06:49:30.480239+00:00
Qsm55wEpaZc,阿蒲挑戰王師傅！平“頭”時刻🤦🏀 「俊鸿TV扣將小蒲」🏀#籃球 #彈跳 #俊鸿TV #阿蒲爱扣篮,,UCA4a0MIEQqFWqukJ7Hha2LQ,曾舔舔🕊️,2026-05-05T12:34:25Z,22,,zh,PT18S,18,hd,False,86836,1229,4,0,https://en.wikipedia.org/wiki/Basketball|https://en.wikipedia.org/wiki/Lifestyle_(sociology),2026-05-27T06:49:30.480239+00:00
mex13o8y2L8,「靠腰穿搭」給兄弟們來一期TBR風磨系列牛仔褲開箱👖😎#靠腰穿搭 #穿搭 #俊鴻 #俊鸿TV #俊鸿,,UCA4a0MIEQqFWqukJ7Hha2LQ,曾舔舔🕊️,2026-05-05T04:23:22Z,22,,zh,PT3M,180,hd,False,29806,766,6,0,https://en.wikipedia.org/wiki/Lifestyle_(sociology),2026-05-27T06:49:30.480239+00:00
LglcuvrsHFo,「新生阿猿41」如何成為底線戰神？🏀 #新生阿猿 #籃球 #短劇 #劇場 #basketball #一人分飾多角 #我愛牛肉漢堡 #我爱牛肉汉堡,,UCA4a0MIEQqFWqukJ7Hha2LQ,曾舔舔🕊️,2026-05-02T14:24:33Z,22,,zh,PT1M28S,88,hd,False,150002,3439,11,0,https://en.wikipedia.org/wiki/Basketball|https://en.wikipedia.org/wiki/Sport,2026-05-27T06:49:30.480239+00:00
NIzgG63CJ-U,扣籃有風險🤦🤣🏀 「俊鸿TV扣將小蒲」🏀#勉扣教學 #扣籃 #籃球 #彈跳 #俊鸿TV #阿蒲爱扣篮,,UCA4a0MIEQqFWqukJ7Hha2LQ,曾舔舔🕊️,2026-05-02T04:05:00Z,22,,zh,PT7S,7,hd,False,200515,1580,24,0,https://en.wikipedia.org/wiki/Basketball|https://en.wikipedia.org/wiki/Sport,2026-05-27T06:49:30.480239+00:00
O0RVbPJSMLc,硬著進去，軟的出來？🤨王師傅探班俊鸿TV靠腰片场，超级请客！🏀 #籃球 #俊鸿TV #超級草根 #超级草根 #王师傅 #超级草根王师傅,,UCA4a0MIEQqFWqukJ7Hha2LQ,曾舔舔🕊️,2026-05-01T03:55:48Z,22,,zh,PT1M33S,93,hd,False,118292,3659,29,0,https://en.wikipedia.org/wiki/Basketball|https://en.wikipedia.org/wiki/Lifestyle_(sociology),2026-05-27T06:49:30.480239+00:00
v-MUVB5BcMA,王師傅踢館俊鸿TV靠腰片場，給假笑哥微米裝到了🤣🏀#籃球 #慶祝動作 #搞笑 #俊鸿TV #超级草根 #超级草根王师傅 #微米,,UCA4a0MIEQqFWqukJ7Hha2LQ,曾舔舔🕊️,2026-04-29T11:12:58Z,22,,zh,PT48S,48,hd,False,348432,7546,49,0,https://en.wikipedia.org/wiki/Basketball|https://en.wikipedia.org/wiki/Sport,2026-05-27T06:49:30.480239+00:00
xYOLFkAwjOs,「新生阿猿40」如何讓啟動突破擁有更多延伸，提高專注力的重要性🏀 #新生阿猿 #籃球 #短劇 #劇場 #basketball #一人分飾多角 #我愛牛肉漢堡 #我爱牛肉汉堡,,UCA4a0MIEQqFWqukJ7Hha2LQ,曾舔舔🕊️,2026-04-29T04:41:36Z,22,,zh,PT1M38S,98,hd,False,33262,907,4,0,https://en.wikipedia.org/wiki/Basketball|https://en.wikipedia.org/wiki/Sport,2026-05-27T06:49:30.480239+00:00
u5RtMcXCfsk,「實戰分析」牛肉漢堡帶隊🆚俊鸿、曾舔舔 隊內訓練賽“NoExcuse”球局！🏀#籃球 #實戰分析 #俊鸿TV #我爱牛肉汉堡,,UCA4a0MIEQqFWqukJ7Hha2LQ,曾舔舔🕊️,2026-04-25T09:14:31Z,22,,zh,PT2M59S,179,hd,False,93795,1716,13,0,https://en.wikipedia.org/wiki/Basketball|https://en.wikipedia.org/wiki/Sport,2026-05-27T06:49:30.480239+00:00
_97xk1zyVas,「高球商玩弄05」高球商幫助隊友玩弄對手🏀 #籃球 #有料教學 #俊鸿TV #曾舔舔 #曾教練,,UCA4a0MIEQqFWqukJ7Hha2LQ,曾舔舔🕊️,2026-04-24T12:47:26Z,22,,zh,PT24S,24,hd,False,455177,4993,10,0,https://en.wikipedia.org/wiki/Basketball|https://en.wikipedia.org/wiki/Sport,2026-05-27T06:49:30.480239+00:00
W-AINby-rs4,「新生阿猿39」放輕鬆，才能激發出最佳狀態🏀 #新生阿猿 #籃球 #短劇 #劇場 #basketball #一人分飾多角 #我愛牛肉漢堡 #我爱牛肉汉堡,,UCA4a0MIEQqFWqukJ7Hha2LQ,曾舔舔🕊️,2026-04-23T09:56:01Z,22,,zh,PT2M16S,136,hd,False,164458,4447,13,0,https://en.wikipedia.org/wiki/Basketball|https://en.wikipedia.org/wiki/Sport,2026-05-27T06:49:30.480239+00:00
K1rIV4qv5oA,「頂級球探08」要簽就簽得分王！@赖益烨_🏀 #籃球 #超級草根 #超级草根 #王师傅 #超级草根王师傅,,UCA4a0MIEQqFWqukJ7Hha2LQ,曾舔舔🕊️,2026-04-23T03:20:03Z,22,,zh,PT1M7S,67,hd,False,199248,3533,16,0,https://en.wikipedia.org/wiki/Basketball|https://en.wikipedia.org/wiki/Lifestyle_(sociology),2026-05-27T06:49:30.480239+00:00
YDLQk1IEoqQ,彈跳不夠？單腳跳怎麼勉扣？「俊鸿TV扣將小蒲」🏀#勉扣教學 #扣籃 #籃球 #彈跳 #俊鸿TV #阿蒲爱扣篮,,UCA4a0MIEQqFWqukJ7Hha2LQ,曾舔舔🕊️,2026-04-18T11:20:00Z,22,,zh,PT22S,22,hd,False,53282,835,16,0,https://en.wikipedia.org/wiki/Basketball|https://en.wikipedia.org/wiki/Lifestyle_(sociology),2026-05-27T06:49:30.480239+00:00
8yiKNiGzOsw,170徒腿訓練 到底誰的助跑還在綿軟無力？「俊鸿TV扣將小蒲」🏀#勉扣教學 #扣籃 #籃球 #彈跳 #俊鸿TV #阿蒲爱扣篮,,UCA4a0MIEQqFWqukJ7Hha2LQ,曾舔舔🕊️,2026-04-18T10:45:00Z,22,,zh,PT23S,23,hd,False,232748,3452,60,0,https://en.wikipedia.org/wiki/Basketball|https://en.wikipedia.org/wiki/Sport,2026-05-27T06:49:30.480239+00:00
1a3kukHNqY8,自己犯的錯自己彌補…釘板大帽！「俊鸿TV扣將小蒲」🏀#釘板 #蓋帽 #火鍋 #籃球 #彈跳 #俊鸿TV #阿蒲爱扣篮,,UCA4a0MIEQqFWqukJ7Hha2LQ,曾舔舔🕊️,2026-04-18T10:15:00Z,22,,zh,PT19S,19,hd,False,64362,704,10,0,https://en.wikipedia.org/wiki/Basketball|https://en.wikipedia.org/wiki/Sport,2026-05-27T06:49:30.480239+00:00
i6xu8Aw_UME,當bro以為這就叫扣籃時…「俊鸿TV扣將小蒲」🏀#勉扣教學 #扣籃 #籃球 #彈跳 #俊鸿TV #阿蒲爱扣篮,,UCA4a0MIEQqFWqukJ7Hha2LQ,曾舔舔🕊️,2026-04-18T09:45:10Z,22,,zh,PT14S,14,hd,False,94409,1122,17,0,https://en.wikipedia.org/wiki/Basketball|https://en.wikipedia.org/wiki/Sport,2026-05-27T06:49:30.480239+00:00
32rPyvP_9_8,「高球商玩弄04」高球商戲弄對手🏀 #籃球 #有料教學 #俊鸿TV #曾舔舔 #曾教練,,UCA4a0MIEQqFWqukJ7Hha2LQ,曾舔舔🕊️,2026-04-18T04:55:09Z,22,,zh,PT26S,26,hd,False,465374,6100,15,0,https://en.wikipedia.org/wiki/Basketball|https://en.wikipedia.org/wiki/Sport,2026-05-27T06:49:30.480239+00:00
9G8WhSOjfS0,“帥的人披塊布在身上都是帥的”🤣😎2022年歷史影片 #投資自己 #chasethemoment #穿搭 #俊鴻 #俊鸿TV #俊鸿 via王越,,UCA4a0MIEQqFWqukJ7Hha2LQ,曾舔舔🕊️,2026-04-17T03:55:01Z,22,,zh,PT1M55S,115,hd,False,19201,397,5,0,https://en.wikipedia.org/wiki/Lifestyle_(sociology),2026-05-27T06:49:30.480239+00:00
PcwqoL0MmL8,「王師傅谷德爆06」陽壽球還是good ball谷德爆🤣🏀#籃球 #超級草根 #超级草根 #王师傅 #超级草根王师傅 #周琦,,UCA4a0MIEQqFWqukJ7Hha2LQ,曾舔舔🕊️,2026-04-16T11:45:09Z,22,,zh,PT21S,21,hd,False,127025,1399,13,0,https://en.wikipedia.org/wiki/Basketball|https://en.wikipedia.org/wiki/Sport,2026-05-27T06:49:30.480239+00:00
HvLWpqK10uw,靠腰劇場確實有說法！難道扣籃也是演員的基本修養？🏀#扣籃 #扣篮 #入樽 #dunk #俊鴻 #俊鸿TV #俊鸿 via AirChina韩雨洋,,UCA4a0MIEQqFWqukJ7Hha2LQ,曾舔舔🕊️,2026-04-16T09:50:00Z,22,,zh,PT1M41S,101,hd,False,585650,15557,50,0,https://en.wikipedia.org/wiki/Basketball|https://en.wikipedia.org/wiki/Sport,2026-05-27T06:49:30.480239+00:00
_MZr9XRxDT4,遇到這個男人記得把菸收好😏防不勝防呀💇 #理髮 #barbershop #俊鴻 #俊鸿 #西裝 via罗sir,,UCA4a0MIEQqFWqukJ7Hha2LQ,曾舔舔🕊️,2026-04-16T03:55:00Z,22,,zh,PT17S,17,hd,False,107959,1767,17,0,https://en.wikipedia.org/wiki/Lifestyle_(sociology),2026-05-27T06:49:30.480239+00:00
VHna3CFrr7A,「王師傅谷德爆05」陽壽球還是good ball谷德爆🤣🏀#籃球 #超級草根 #超级草根 #王师傅 #超级草根王师傅,,UCA4a0MIEQqFWqukJ7Hha2LQ,曾舔舔🕊️,2026-04-15T11:45:08Z,22,,zh,PT24S,24,hd,False,96743,1248,14,0,https://en.wikipedia.org/wiki/Basketball|https://en.wikipedia.org/wiki/Sport,2026-05-27T06:49:30.480239+00:00
VcRmLbowioY,曾教練長髮燙髮造型💇#理髮 #barbershop #曾教練 via罗sir,,UCA4a0MIEQqFWqukJ7Hha2LQ,曾舔舔🕊️,2026-04-15T03:55:01Z,22,,zh,PT23S,23,hd,False,42319,567,8,0,https://en.wikipedia.org/wiki/Lifestyle_(sociology),2026-05-27T06:49:30.480239+00:00
1-tR57gDchE,「王師傅谷德爆04」陽壽球還是good ball谷德爆🤣🏀#籃球 #超級草根 #超级草根 #王师傅 #超级草根王师傅,,UCA4a0MIEQqFWqukJ7Hha2LQ,曾舔舔🕊️,2026-04-14T11:45:00Z,22,,zh,PT2M21S,141,hd,False,96147,1461,13,0,https://en.wikipedia.org/wiki/Basketball|https://en.wikipedia.org/wiki/Sport,2026-05-27T06:49:30.480239+00:00
zLE-0v7RLrE,当假笑哥微米试图挑衅怪招哥😏🏀#真實 #搞笑 #俊鸿TV #微米,,UCA4a0MIEQqFWqukJ7Hha2LQ,曾舔舔🕊️,2026-04-14T11:15:08Z,22,,zh,PT1M15S,75,hd,False,395086,9343,53,0,https://en.wikipedia.org/wiki/Humour|https://en.wikipedia.org/wiki/Sport,2026-05-27T06:49:30.480239+00:00
Kj5zOb8MP_E,恍惚了一下👶🏀#人類幼崽 #俊鸿 #日常,,UCA4a0MIEQqFWqukJ7Hha2LQ,曾舔舔🕊️,2026-04-14T09:50:00Z,22,,zh,PT15S,15,hd,False,48248,997,60,0,https://en.wikipedia.org/wiki/Lifestyle_(sociology),2026-05-27T06:49:30.480239+00:00
dHsSJhv92ug,俊鸿爆改河村勇輝？看到他記得把菸收好😏💇 #理髮 #barbershop #俊鴻 #俊鸿 #西裝 via罗sir,,UCA4a0MIEQqFWqukJ7Hha2LQ,曾舔舔🕊️,2026-04-13T11:23:09Z,22,,zh,PT11S,11,hd,False,100639,1454,34,0,https://en.wikipedia.org/wiki/Lifestyle_(sociology),2026-05-27T06:49:30.480239+00:00
lRsZcp6jmXQ,「靠腰穿搭」分享最近買的三條平平無奇牛仔褲👖😎#靠腰穿搭 #穿搭 #俊鴻 #俊鸿TV #俊鸿,,UCA4a0MIEQqFWqukJ7Hha2LQ,曾舔舔🕊️,2026-04-12T13:48:47Z,22,,zh,PT2M40S,160,hd,False,35942,825,9,0,https://en.wikipedia.org/wiki/Lifestyle_(sociology),2026-05-27T06:49:30.480239+00:00
RZsngfIILsE,「新生阿猿38」為什麼慢下來反而變得高效 45度角的進攻框架🏀 #新生阿猿 #籃球 #短劇 #劇場 #basketball #一人分飾多角 #我愛牛肉漢堡 #我爱牛肉汉堡,,UCA4a0MIEQqFWqukJ7Hha2LQ,曾舔舔🕊️,2026-04-12T03:45:05Z,22,,zh,PT1M8S,68,hd,False,60339,1254,7,0,https://en.wikipedia.org/wiki/Basketball|https://en.wikipedia.org/wiki/Sport,2026-05-27T06:49:30.480239+00:00
ElVEiWMxN7w,「曾郎的籃球02」前NBA球員威姆斯空降球場聯手曾郎獲得賽季兩連勝！🏀🤣#籃球 #搞笑 #小說腔 #俊鸿TV #曾舔舔 #曾教練,,UCA4a0MIEQqFWqukJ7Hha2LQ,曾舔舔🕊️,2026-04-11T10:42:21Z,22,,zh,PT2M43S,163,hd,False,200177,3572,50,0,https://en.wikipedia.org/wiki/Basketball|https://en.wikipedia.org/wiki/Sport,2026-05-27T06:49:30.480239+00:00
IaWZ2tOnRbs,「王師傅」兄弟間無法拒絕的5個行為🏀#籃球 #超級草根 #超级草根 #王师傅 #超级草根王师傅,,UCA4a0MIEQqFWqukJ7Hha2LQ,曾舔舔🕊️,2026-04-11T03:55:01Z,22,,zh,PT40S,40,hd,False,14977,301,3,0,https://en.wikipedia.org/wiki/Entertainment|https://en.wikipedia.org/wiki/Humour,2026-05-27T06:49:30.480239+00:00
NXZBuWE0DWM,後撤步如何凍結對手？🏀 #籃球 #有料教學 #俊鸿TV #曾舔舔 #曾教練,,UCA4a0MIEQqFWqukJ7Hha2LQ,曾舔舔🕊️,2026-04-10T11:56:32Z,22,,zh,PT1M35S,95,hd,False,93404,2044,25,0,https://en.wikipedia.org/wiki/Basketball|https://en.wikipedia.org/wiki/Sport,2026-05-27T06:49:30.480239+00:00
7mVx4yYd_WU,「王師傅」打不了一点！🏀#籃球 #超級草根 #超级草根 #王师傅 #超级草根王师傅,,UCA4a0MIEQqFWqukJ7Hha2LQ,曾舔舔🕊️,2026-04-10T03:55:00Z,22,,zh,PT11S,11,hd,False,43746,524,2,0,https://en.wikipedia.org/wiki/Basketball|https://en.wikipedia.org/wiki/Lifestyle_(sociology),2026-05-27T06:49:30.480239+00:00
djWVR3SxBhI,你以為的順菸王和麵包蟲…🙀🏀#日常 #真實 #扣籃 #俊鸿TV #微米,,UCA4a0MIEQqFWqukJ7Hha2LQ,曾舔舔🕊️,2026-04-09T14:26:33Z,22,,zh,PT17S,17,hd,False,283496,3699,28,0,https://en.wikipedia.org/wiki/Basketball|https://en.wikipedia.org/wiki/Sport,2026-05-27T06:49:30.480239+00:00
FwjPf_eh6dQ,扣籃？該死的勝負欲上來了🏀🤣#日常 #搞笑 #俊鸿,,UCA4a0MIEQqFWqukJ7Hha2LQ,曾舔舔🕊️,2026-04-09T04:13:42Z,22,,zh,PT13S,13,hd,False,194926,2559,14,0,https://en.wikipedia.org/wiki/Basketball|https://en.wikipedia.org/wiki/Humour|https://en.wikipedia.org/wiki/Sport,2026-05-27T06:49:30.480239+00:00
AXmlNy5mpsg,那个打球又菜又嘴硬的兄弟🏀#籃球 #真實 #搞笑 #俊鸿 #俊鸿TV,,UCA4a0MIEQqFWqukJ7Hha2LQ,曾舔舔🕊️,2026-04-08T13:21:06Z,22,,zh,PT58S,58,hd,False,308113,6828,37,0,https://en.wikipedia.org/wiki/Basketball|https://en.wikipedia.org/wiki/Humour|https://en.wikipedia.org/wiki/Sport,2026-05-27T06:49:30.480239+00:00
IPYHyIxaNqg,忧郁系假笑哥微米🤣“從此晚上又多了一個傷心的人”🏀#籃球 #篮球 #真實 #搞笑 #微米,,UCA4a0MIEQqFWqukJ7Hha2LQ,曾舔舔🕊️,2026-04-08T11:25:01Z,22,,zh,PT10S,10,hd,False,49151,948,17,0,https://en.wikipedia.org/wiki/Entertainment|https://en.wikipedia.org/wiki/Humour,2026-05-27T06:49:30.480239+00:00
YbachU5NsnQ,天賦只是入場券…🎫🏀#籃球 #真實 #天賦  #俊鸿 #俊鸿TV,,UCA4a0MIEQqFWqukJ7Hha2LQ,曾舔舔🕊️,2026-04-08T09:55:00Z,22,,zh,PT2M25S,145,hd,False,1037717,19116,70,0,https://en.wikipedia.org/wiki/Basketball|https://en.wikipedia.org/wiki/Sport,2026-05-27T06:49:30.480239+00:00
RL0k2cm9n08,當你在對手身上打進2+1時…🤣🏀#籃球 #篮球 #真實 #搞笑 #微米,,UCA4a0MIEQqFWqukJ7Hha2LQ,曾舔舔🕊️,2026-04-07T12:23:23Z,22,,zh,PT14S,14,hd,False,109445,2289,24,0,https://en.wikipedia.org/wiki/Basketball|https://en.wikipedia.org/wiki/Humour|https://en.wikipedia.org/wiki/Sport,2026-05-27T06:49:30.480239+00:00
maR8qY6WgL8,「王師傅」朋友和兄弟的區別🤣🏀#籃球 #超級草根 #超级草根 #王师傅 #超级草根王师傅,,UCA4a0MIEQqFWqukJ7Hha2LQ,曾舔舔🕊️,2026-04-07T09:57:01Z,22,,zh,PT58S,58,hd,False,22251,488,2,0,https://en.wikipedia.org/wiki/Basketball|https://en.wikipedia.org/wiki/Sport,2026-05-27T06:49:30.480239+00:00
Myg8dkGBmlY,俊鸿TV「李現」崴腳應急處理🫢supercover冰浴系統+巫毒綁帶加壓處理🧊縮短恢復時間，更快回歸球場#supercover #籃球 #篮球 #马克老师,,UCA4a0MIEQqFWqukJ7Hha2LQ,曾舔舔🕊️,2026-04-06T09:50:01Z,22,,zh,PT1M50S,110,hd,False,117456,2831,23,0,https://en.wikipedia.org/wiki/Lifestyle_(sociology),2026-05-27T06:49:30.480239+00:00
zRt-vFxRT1M,「王師傅谷德爆03」陽壽球還是good ball谷德爆🤣🏀#籃球 #超級草根 #超级草根 #王师傅 #超级草根王师傅,,UCA4a0MIEQqFWqukJ7Hha2LQ,曾舔舔🕊️,2026-04-06T06:09:49Z,22,,zh,PT1M56S,116,hd,False,1753687,36103,228,0,https://en.wikipedia.org/wiki/Basketball|https://en.wikipedia.org/wiki/Humour|https://en.wikipedia.org/wiki/Sport,2026-05-27T06:49:30.480239+00:00
rEE8U-6Ae7E,忧郁系假笑哥微米🤣“再見了 我的賽博朋克女友”🏀#籃球 #篮球 #真實 #搞笑 #微米,,UCA4a0MIEQqFWqukJ7Hha2LQ,曾舔舔🕊️,2026-04-06T03:45:53Z,22,,zh,PT22S,22,hd,False,28707,546,3,0,https://en.wikipedia.org/wiki/Humour|https://en.wikipedia.org/wiki/Lifestyle_(sociology),2026-05-27T06:49:30.480239+00:00
ciShkT2sa1U,「曾郎的籃球01」曾郎聯手出生叔叔帶隊逆轉！電視劇都不敢這麼演🏀🤣#籃球 #搞笑 #小說腔 #俊鸿TV #曾舔舔 #曾教練,,UCA4a0MIEQqFWqukJ7Hha2LQ,曾舔舔🕊️,2026-04-05T14:27:00Z,22,,zh,PT2M7S,127,hd,False,478810,7081,84,0,https://en.wikipedia.org/wiki/Basketball|https://en.wikipedia.org/wiki/Humour|https://en.wikipedia.org/wiki/Sport,2026-05-27T06:49:30.480239+00:00
HEMCTxm4JoA,忧郁系假笑哥微米🤣“也許我球技再厲害一點，她就不會離開我了吧…”🏀#籃球 #篮球 #真實 #搞笑 #微米,,UCA4a0MIEQqFWqukJ7Hha2LQ,曾舔舔🕊️,2026-04-05T03:48:37Z,22,,zh,PT19S,19,hd,False,25732,540,7,0,https://en.wikipedia.org/wiki/Humour|https://en.wikipedia.org/wiki/Lifestyle_(sociology),2026-05-27T06:49:30.480239+00:00
7TNVhO-1KmU,「王師傅谷德爆02」陽壽球還是good ball谷德爆🤣🏀#籃球 #超級草根 #超级草根 #王师傅 #超级草根王师傅,,UCA4a0MIEQqFWqukJ7Hha2LQ,曾舔舔🕊️,2026-04-02T10:55:00Z,22,,zh,PT1M26S,86,hd,False,34576,802,12,0,https://en.wikipedia.org/wiki/Basketball|https://en.wikipedia.org/wiki/Sport,2026-05-27T06:49:30.480239+00:00
D7s9xbYlsdk,「高球商玩弄03」高球商應對不同場景！🏀 #籃球 #有料教學 #俊鸿TV #曾舔舔 #曾教練,,UCA4a0MIEQqFWqukJ7Hha2LQ,曾舔舔🕊️,2026-04-02T09:53:01Z,22,,zh,PT30S,30,hd,False,526700,5786,23,0,https://en.wikipedia.org/wiki/Basketball|https://en.wikipedia.org/wiki/Sport,2026-05-27T06:49:30.480239+00:00
sGpCgm48C-0,當有人在球場被霸凌時…假笑哥微米王者降臨！🏀#籃球 #篮球 #真實 #搞笑 #微米,,UCA4a0MIEQqFWqukJ7Hha2LQ,曾舔舔🕊️,2026-04-02T04:20:57Z,22,,zh,PT17S,17,hd,False,68283,1027,7,0,https://en.wikipedia.org/wiki/Humour|https://en.wikipedia.org/wiki/Lifestyle_(sociology),2026-05-27T06:49:30.480239+00:00
u48CsS1163I,「王師傅谷德爆01」陽壽球還是good ball谷德爆🏀#籃球 #超級草根 #超级草根 #王师傅 #超级草根王师傅,,UCA4a0MIEQqFWqukJ7Hha2LQ,曾舔舔🕊️,2026-04-01T11:20:03Z,22,,zh,PT1M15S,75,hd,False,584959,13889,68,0,https://en.wikipedia.org/wiki/Basketball|https://en.wikipedia.org/wiki/Humour|https://en.wikipedia.org/wiki/Sport,2026-05-27T06:49:30.480239+00:00
ikj75UZQTCo,「扮演高中生打野球」香港修頓球場帶上俊鸿和漢堡，演曼巴三巨頭的團隊配合🏀影片發佈於2023年10月🇭🇰 #籃球 #篮球 #街場 #高中生  #basketball #曾教練 #曾舔舔,,UCA4a0MIEQqFWqukJ7Hha2LQ,曾舔舔🕊️,2026-04-01T09:52:01Z,22,,zh,PT59S,59,hd,False,176473,2213,20,0,https://en.wikipedia.org/wiki/Basketball|https://en.wikipedia.org/wiki/Sport,2026-05-27T06:49:30.480239+00:00
3sykfXtaEJg,球場怪招的神 俊鸿總能玩出新花樣🏀#俊鸿 #俊鸿二创 #俊鸿TV via Around,,UCA4a0MIEQqFWqukJ7Hha2LQ,曾舔舔🕊️,2026-04-01T04:00:02Z,22,,zh,PT37S,37,hd,False,57774,1198,14,0,https://en.wikipedia.org/wiki/Sport,2026-05-27T06:49:30.480239+00:00
aZhLat1ug2A,服從教練才是唯一的出路🏀 #阿甘正傳 #阿甘 #forrestgump #籃球 #有料教學 #俊鸿TV #曾舔舔 #曾教練,,UCA4a0MIEQqFWqukJ7Hha2LQ,曾舔舔🕊️,2026-03-31T14:20:32Z,22,,zh,PT35S,35,hd,False,391929,8518,54,0,https://en.wikipedia.org/wiki/Basketball|https://en.wikipedia.org/wiki/Sport,2026-05-27T06:49:30.480239+00:00
Zo1KUkgUmfY,劍譜第一頁，無愛即是神🏀#爱过没爱错 #俊鸿 #俊鸿二创 #俊鸿TV via肇庆一小孩,,UCA4a0MIEQqFWqukJ7Hha2LQ,曾舔舔🕊️,2026-03-31T11:15:06Z,22,,zh,PT44S,44,hd,False,16071,495,8,0,https://en.wikipedia.org/wiki/Entertainment,2026-05-27T06:49:30.480239+00:00
12e4NCRB5gk,「高球商玩弄02」如何高球商拿捏對方？🏀 #籃球 #有料教學 #俊鸿TV #曾舔舔 #曾教練,,UCA4a0MIEQqFWqukJ7Hha2LQ,曾舔舔🕊️,2026-03-31T10:37:50Z,22,,zh,PT25S,25,hd,False,248716,3072,5,0,https://en.wikipedia.org/wiki/Basketball|https://en.wikipedia.org/wiki/Sport,2026-05-27T06:49:30.480239+00:00
J0_1249XIkA,俊鸿理髮 八兩金變身梁朝偉💇 #理髮 #barbershop #俊鸿 via罗sir,,UCA4a0MIEQqFWqukJ7Hha2LQ,曾舔舔🕊️,2026-03-31T03:58:00Z,22,,zh,PT23S,23,hd,False,25939,370,7,0,https://en.wikipedia.org/wiki/Lifestyle_(sociology),2026-05-27T06:49:30.480239+00:00
GCQBx_yhzKk,喬丹來了一會，又走了…🏀🤣#日常 #搞笑 #俊鸿,,UCA4a0MIEQqFWqukJ7Hha2LQ,曾舔舔🕊️,2026-03-30T11:40:00Z,22,,zh,PT12S,12,hd,False,96818,1226,8,0,https://en.wikipedia.org/wiki/Basketball|https://en.wikipedia.org/wiki/Humour|https://en.wikipedia.org/wiki/Sport,2026-05-27T06:49:30.480239+00:00
fD6SbnYQT98,如何跟隊友高質量配合？🏀 #籃球 #有料教學 #俊鸿TV #曾舔舔 #曾教練,,UCA4a0MIEQqFWqukJ7Hha2LQ,曾舔舔🕊️,2026-03-30T10:40:02Z,22,,zh,PT36S,36,hd,False,70686,1037,8,0,https://en.wikipedia.org/wiki/Basketball|https://en.wikipedia.org/wiki/Sport,2026-05-27T06:49:30.480239+00:00
r_7DWJfg--Q,「新生阿猿37」制霸籃板的答案🏀 #新生阿猿 #籃球 #短劇 #劇場 #basketball #一人分飾多角 #我愛牛肉漢堡 #我爱牛肉汉堡,,UCA4a0MIEQqFWqukJ7Hha2LQ,曾舔舔🕊️,2026-03-30T09:52:00Z,22,,zh,PT1M55S,115,hd,False,22761,691,7,0,https://en.wikipedia.org/wiki/Basketball|https://en.wikipedia.org/wiki/Sport,2026-05-27T06:49:30.480239+00:00
0USNRDelG5A,「王師傅」花絮Vlog探訪深圳靠腰影視基地🏀 #籃球 #俊鸿TV #俊鸿 #超級草根 #超级草根 #王师傅 #超级草根王师傅,,UCA4a0MIEQqFWqukJ7Hha2LQ,曾舔舔🕊️,2026-03-30T03:58:00Z,22,,zh,PT38S,38,hd,False,135860,2684,8,0,https://en.wikipedia.org/wiki/Basketball|https://en.wikipedia.org/wiki/Sport,2026-05-27T06:49:30.480239+00:00
DCix61eQrPc,「王師傅」嘴上說不要，身體卻很誠實@风一样的男子🏀郭小洋 @上海玄鸟啦啦队🤣#籃球 #超級草根 #超级草根 #王师傅 #超级草根王师傅,,UCA4a0MIEQqFWqukJ7Hha2LQ,曾舔舔🕊️,2026-03-29T11:15:00Z,22,,zh,PT1M1S,61,hd,False,12899,290,4,0,https://en.wikipedia.org/wiki/Basketball|https://en.wikipedia.org/wiki/Sport,2026-05-27T06:49:30.480239+00:00
6wA_XVF6EIw,「新生阿猿36」尋找傳球窗口的能力🏀 #新生阿猿 #籃球 #短劇 #劇場 #basketball #一人分飾多角 #我愛牛肉漢堡 #我爱牛肉汉堡,,UCA4a0MIEQqFWqukJ7Hha2LQ,曾舔舔🕊️,2026-03-29T09:45:00Z,22,,zh,PT1M1S,61,hd,False,21280,353,2,0,https://en.wikipedia.org/wiki/Basketball|https://en.wikipedia.org/wiki/Sport,2026-05-27T06:49:30.480239+00:00
J7_82TdtqZE,「靠腰穿搭」俊鸿夏天愛穿的短袖T😎#靠腰穿搭 #穿搭 #俊鴻 #俊鸿TV #俊鸿,,UCA4a0MIEQqFWqukJ7Hha2LQ,曾舔舔🕊️,2026-03-29T05:25:46Z,22,,zh,PT3M,180,hd,False,34695,946,15,0,https://en.wikipedia.org/wiki/Lifestyle_(sociology),2026-05-27T06:49:30.480239+00:00
GHsnxTNInWw,「HYROX in Bangkok」打球前拿這套hyrox熱身🏋️🏀 #hyroxtraining #Bangkok #體能訓練 #曾舔舔 #曾教練,,UCA4a0MIEQqFWqukJ7Hha2LQ,曾舔舔🕊️,2026-03-26T14:13:46Z,22,,zh,PT1M39S,99,hd,False,131222,1834,21,0,https://en.wikipedia.org/wiki/Health|https://en.wikipedia.org/wiki/Physical_fitness|https://en.wikipedia.org/wiki/Sport,2026-05-27T06:49:30.480239+00:00
KcQ-qjIvzhI,「王師傅」如何和兄弟吵架？🤣#籃球 #超級草根 #超级草根 #王师傅 #超级草根王师傅,,UCA4a0MIEQqFWqukJ7Hha2LQ,曾舔舔🕊️,2026-03-26T10:05:14Z,22,,zh,PT39S,39,hd,False,30446,482,3,0,https://en.wikipedia.org/wiki/Basketball|https://en.wikipedia.org/wiki/Sport,2026-05-27T06:49:30.480239+00:00
WzTH2Df0EEg,一般人駕馭不了的長髮髮型還得是曾教練💇#理髮 #barbershop via罗sir,,UCA4a0MIEQqFWqukJ7Hha2LQ,曾舔舔🕊️,2026-03-26T04:05:01Z,22,,zh,PT1M6S,66,hd,False,25397,497,9,0,https://en.wikipedia.org/wiki/Lifestyle_(sociology),2026-05-27T06:49:30.480239+00:00
r5BY34rwhQA,「高球商玩弄01」用高球商和隊友一起玩弄對手🏀 #籃球 #有料教學 #俊鸿TV #曾舔舔 #曾教練,,UCA4a0MIEQqFWqukJ7Hha2LQ,曾舔舔🕊️,2026-03-25T11:37:24Z,22,,zh,PT22S,22,hd,False,160410,1684,4,0,https://en.wikipedia.org/wiki/Basketball|https://en.wikipedia.org/wiki/Sport,2026-05-27T06:49:30.480239+00:00
lNwUfq8qdB0,「王師傅」職業夢！@上海玄天鸟篮球俱乐部 #籃球 #超級草根 #超级草根 #王师傅 #超级草根王师傅,,UCA4a0MIEQqFWqukJ7Hha2LQ,曾舔舔🕊️,2026-03-25T09:59:38Z,22,,zh,PT2M2S,122,hd,False,59479,754,4,0,https://en.wikipedia.org/wiki/Basketball|https://en.wikipedia.org/wiki/Sport,2026-05-27T06:49:30.480239+00:00
TkZX-wtFKDI,「頂級球探07」要簽就簽籃球世家！🏀#籃球 #超級草根 #超级草根 #王师傅 #超级草根王师傅,,UCA4a0MIEQqFWqukJ7Hha2LQ,曾舔舔🕊️,2026-03-24T12:45:09Z,22,,zh,PT1M20S,80,hd,False,392143,7713,29,0,https://en.wikipedia.org/wiki/Basketball|https://en.wikipedia.org/wiki/Lifestyle_(sociology),2026-05-27T06:49:30.480239+00:00
YeHOgwmjuE0,「頂級球探06」要簽就簽球場神經刀！周銳@Ray313🏀#籃球 #超級草根 #超级草根 #王师傅 #超级草根王师傅,,UCA4a0MIEQqFWqukJ7Hha2LQ,曾舔舔🕊️,2026-03-24T12:18:00Z,22,,zh,PT48S,48,hd,False,410697,6740,22,0,https://en.wikipedia.org/wiki/Basketball|https://en.wikipedia.org/wiki/Entertainment,2026-05-27T06:49:30.480239+00:00
gOS3UMR2sus,「頂級球探05」頂級球探的理解能力！要簽就簽洛山雞胡扔隊！🏀#籃球 #超級草根 #超级草根 #王师傅 #超级草根王师傅,,UCA4a0MIEQqFWqukJ7Hha2LQ,曾舔舔🕊️,2026-03-24T11:47:00Z,22,,zh,PT59S,59,hd,False,387827,5525,16,0,https://en.wikipedia.org/wiki/Basketball|https://en.wikipedia.org/wiki/Lifestyle_(sociology),2026-05-27T06:49:30.480239+00:00
Tm-nBzBawCQ,「頂級球探04」要簽就簽傳奇控球後衛！魏師傅 & 郭小洋🏀#籃球 #超級草根 #超级草根 #王师傅 #超级草根王师傅,,UCA4a0MIEQqFWqukJ7Hha2LQ,曾舔舔🕊️,2026-03-24T11:07:01Z,22,,zh,PT47S,47,hd,False,616601,8869,37,0,https://en.wikipedia.org/wiki/Basketball|https://en.wikipedia.org/wiki/Lifestyle_(sociology),2026-05-27T06:49:30.480239+00:00
8C2X60AB5vI,「頂級球探03」要簽就簽大心臟球員！郭小洋 & 陳一帆🏀#籃球 #超級草根 #超级草根 #王师傅 #超级草根王师傅,,UCA4a0MIEQqFWqukJ7Hha2LQ,曾舔舔🕊️,2026-03-24T10:36:00Z,22,,zh,PT53S,53,hd,False,948076,14092,27,0,https://en.wikipedia.org/wiki/Basketball|https://en.wikipedia.org/wiki/Lifestyle_(sociology),2026-05-27T06:49:30.480239+00:00
DA-ANJhYrQ0,「頂級球探02」要簽就簽職業球員！郭小洋 & 郭師傅🏀#籃球 #超級草根 #超级草根 #王师傅 #超级草根王师傅,,UCA4a0MIEQqFWqukJ7Hha2LQ,曾舔舔🕊️,2026-03-24T09:56:00Z,22,,zh,PT55S,55,hd,False,609550,8741,24,0,https://en.wikipedia.org/wiki/Basketball|https://en.wikipedia.org/wiki/Entertainment,2026-05-27T06:49:30.480239+00:00
MibZlSryHrQ,「新生阿猿-百分大戰特輯」從迷失到北伐，阿猿的救贖之路🏀,#新生阿猿 #籃球 #短劇 #劇場 #basketball #一人分飾多角 #我愛牛肉漢堡 #我爱牛肉汉堡,UCA4a0MIEQqFWqukJ7Hha2LQ,曾舔舔🕊️,2026-03-24T09:47:00Z,22,,zh-Hant,PT12M54S,774,hd,False,4231,70,1,0,https://en.wikipedia.org/wiki/Basketball|https://en.wikipedia.org/wiki/Sport,2026-05-27T06:49:30.480239+00:00
PICyqqr7OZ8,「頂級球探01」要簽就簽最有價值球員！馬師傅 & 郭小洋🏀#籃球 #超級草根 #超级草根 #王师傅 #超级草根王师傅,,UCA4a0MIEQqFWqukJ7Hha2LQ,曾舔舔🕊️,2026-03-24T09:10:00Z,22,,zh,PT55S,55,hd,False,1417542,20723,70,0,https://en.wikipedia.org/wiki/Basketball|https://en.wikipedia.org/wiki/Lifestyle_(sociology),2026-05-27T06:49:30.480239+00:00
ZfbZ5K6TjZI,「實戰分析」和俊鸿、曾教練一隊！這種打法還是太吃隊友了🏀 #籃球 #實戰分析 #俊鸿TV #我爱牛肉汉堡,,UCA4a0MIEQqFWqukJ7Hha2LQ,曾舔舔🕊️,2026-03-24T06:13:14Z,22,,zh,PT1M9S,69,hd,False,26157,775,4,0,https://en.wikipedia.org/wiki/Basketball|https://en.wikipedia.org/wiki/Sport,2026-05-27T06:49:30.480239+00:00
PULzS9iR8ww,「靠腰穿搭」國產牛仔褲品牌裡，我認為水洗風格挺不錯的品牌👖影片發佈於2025年4月📅#靠腰穿搭 #穿搭 #俊鴻 #俊鸿TV #俊鸿,,UCA4a0MIEQqFWqukJ7Hha2LQ,曾舔舔🕊️,2026-03-23T04:05:00Z,22,,zh,PT2M59S,179,hd,False,30767,699,7,0,https://en.wikipedia.org/wiki/Lifestyle_(sociology),2026-05-27T06:49:30.480239+00:00
FFY-WR_eo5o,「新生阿猿35」如何成為不占球權的得分機器🏀 #新生阿猿 #籃球 #短劇 #劇場 #basketball #一人分飾多角 #我愛牛肉漢堡 #我爱牛肉汉堡,,UCA4a0MIEQqFWqukJ7Hha2LQ,曾舔舔🕊️,2026-03-22T07:54:12Z,22,,zh,PT58S,58,hd,False,24520,488,0,0,https://en.wikipedia.org/wiki/Basketball|https://en.wikipedia.org/wiki/Sport,2026-05-27T06:49:30.480239+00:00
rA1u2HgIWDg,「靠腰穿搭」首次體驗樂福鞋，175秒變181，難怪大家愛穿👞影片發佈於2025年4月📅#靠腰穿搭 #穿搭 #俊鴻 #俊鸿TV #俊鸿,,UCA4a0MIEQqFWqukJ7Hha2LQ,曾舔舔🕊️,2026-03-22T02:55:50Z,22,,zh,PT2M25S,145,hd,False,38366,936,15,0,https://en.wikipedia.org/wiki/Lifestyle_(sociology),2026-05-27T06:49:30.480239+00:00
4ZM2-kcm_XI,擁有高球商玩弄對手，拯救隊友！🏀 #籃球 #有料教學 #俊鸿TV #曾舔舔 #曾教練,,UCA4a0MIEQqFWqukJ7Hha2LQ,曾舔舔🕊️,2026-03-21T15:13:38Z,22,,zh,PT22S,22,hd,False,374151,3797,21,0,https://en.wikipedia.org/wiki/Basketball|https://en.wikipedia.org/wiki/Sport,2026-05-27T06:49:30.480239+00:00
AmQ6iAmQ4M8,當班際賽遇上情敵的我🏀#籃球 #篮球 #真實 #校園 #莫蘭特 #JA2 #俊鸿,,UCA4a0MIEQqFWqukJ7Hha2LQ,曾舔舔🕊️,2026-03-19T09:50:01Z,22,,zh,PT1M1S,61,hd,False,25555,550,6,0,https://en.wikipedia.org/wiki/Basketball|https://en.wikipedia.org/wiki/Sport,2026-05-27T06:49:30.480239+00:00
LV3Mi9B_tuc,「靠腰穿搭」滿載而歸！大家見過皮鞋匡威嗎？看到匡威就把持不住，又進貨幾雙🤣影片發佈於2025年3月📅#靠腰穿搭 #穿搭 #俊鴻 #俊鸿TV #俊鸿,,UCA4a0MIEQqFWqukJ7Hha2LQ,曾舔舔🕊️,2026-03-19T04:05:00Z,22,,zh,PT1M59S,119,hd,False,245807,5386,55,0,https://en.wikipedia.org/wiki/Lifestyle_(sociology),2026-05-27T06:49:30.480239+00:00
uhSLL0omsII,緊逼防守如何更有效？🏀 #籃球 #有料教學 #俊鸿TV #曾舔舔 #曾教練,,UCA4a0MIEQqFWqukJ7Hha2LQ,曾舔舔🕊️,2026-03-18T09:50:01Z,22,,zh,PT57S,57,hd,False,64075,886,3,0,https://en.wikipedia.org/wiki/Basketball|https://en.wikipedia.org/wiki/Sport,2026-05-27T06:49:30.480239+00:00
WQIIl7vVbsM,「靠腰穿搭」建模怪曾教練穩定發揮👔#靠腰穿搭 #穿搭 #俊鴻 #俊鸿TV #俊鸿,,UCA4a0MIEQqFWqukJ7Hha2LQ,曾舔舔🕊️,2026-03-18T04:15:02Z,22,,zh,PT2M42S,162,hd,False,52453,1193,13,0,https://en.wikipedia.org/wiki/Entertainment,2026-05-27T06:49:30.480239+00:00
O9x5sdoe0dA,帶著俊鸿去打籃球應該不會被人欺負了🏀🔥#肌肉 #搞笑 #俊鸿 #曾舔舔 #曾教练,,UCA4a0MIEQqFWqukJ7Hha2LQ,曾舔舔🕊️,2026-03-17T10:20:01Z,22,,zh,PT11S,11,hd,False,271937,2001,15,0,https://en.wikipedia.org/wiki/Humour|https://en.wikipedia.org/wiki/Lifestyle_(sociology),2026-05-27T06:49:30.480239+00:00
ZWPMNxpfmbk,「靠腰穿搭」同一件衣服竟能穿出男模和old money的感覺👔#靠腰穿搭 #穿搭 #okaythxbye #俊鴻 #俊鸿TV #俊鸿,,UCA4a0MIEQqFWqukJ7Hha2LQ,曾舔舔🕊️,2026-03-17T04:45:03Z,22,,zh,PT2M47S,167,hd,False,77401,2104,21,0,https://en.wikipedia.org/wiki/Lifestyle_(sociology),2026-05-27T06:49:30.480239+00:00
Lro2Q-Ao3Bw,曾教練送鞋啦，幸運粉絲都有誰👟🏀 #籃球 #粉絲互動 #俊鸿TV #曾舔舔 #曾教練,,UCA4a0MIEQqFWqukJ7Hha2LQ,曾舔舔🕊️,2026-03-16T10:29:11Z,22,,zh,PT2M34S,154,hd,False,9153,174,2,0,https://en.wikipedia.org/wiki/Lifestyle_(sociology),2026-05-27T06:49:30.480239+00:00
iOGH8otNhRQ,如何接近對方並詭計多端地變化節奏🏀 #籃球 #有料教學 #俊鸿TV #曾舔舔 #曾教練,,UCA4a0MIEQqFWqukJ7Hha2LQ,曾舔舔🕊️,2026-03-14T03:45:02Z,22,,zh,PT1M22S,82,hd,False,24977,437,6,0,https://en.wikipedia.org/wiki/Basketball|https://en.wikipedia.org/wiki/Lifestyle_(sociology),2026-05-27T06:49:30.480239+00:00
r-nXhtlkfaM,当校队来了个有背景的新人🏀#俊鸿 #俊鸿二创 #俊鸿TV #搞笑 #seedance #AI,,UCA4a0MIEQqFWqukJ7Hha2LQ,曾舔舔🕊️,2026-03-13T12:15:10Z,22,,zh,PT49S,49,hd,False,204954,3339,22,0,https://en.wikipedia.org/wiki/Entertainment,2026-05-27T06:49:30.480239+00:00
N4OZ9H9RNZY,多年以後柱子忽然倒塌 我才知道 這一擊名為歲月👊#中二 #微米 #假笑哥微米 #俊鸿TV #功夫糖宝 #唐宝,,UCA4a0MIEQqFWqukJ7Hha2LQ,曾舔舔🕊️,2026-03-12T11:45:05Z,22,,zh,PT8S,8,hd,False,24796,149,0,0,https://en.wikipedia.org/wiki/Lifestyle_(sociology),2026-05-27T06:49:30.480239+00:00
y22HDVu_ZGQ,假笑哥微米高光時刻🤣細節太多 建議反覆觀看🏀#微米 #假笑哥微米 #俊鸿TV,,UCA4a0MIEQqFWqukJ7Hha2LQ,曾舔舔🕊️,2026-03-12T10:45:12Z,22,,zh,PT51S,51,hd,False,23271,589,16,0,https://en.wikipedia.org/wiki/Sport,2026-05-27T06:49:30.480239+00:00
IrCwtAXxaRs,「新生阿猿34」內線進攻如何擁有更多選擇🏀 #新生阿猿 #籃球 #短劇 #劇場 #basketball #一人分飾多角 #我愛牛肉漢堡 #我爱牛肉汉堡,,UCA4a0MIEQqFWqukJ7Hha2LQ,曾舔舔🕊️,2026-03-12T09:40:00Z,22,,zh,PT1M,60,hd,False,27487,803,4,0,https://en.wikipedia.org/wiki/Basketball|https://en.wikipedia.org/wiki/Sport,2026-05-27T06:49:30.480239+00:00
OKlOKCvZdys,「新生阿猿33」那天下午，青春回頭看了我一眼🏀 #新生阿猿 #籃球 #短劇 #劇場 #basketball #一人分飾多角 #我愛牛肉漢堡 #我爱牛肉汉堡,,UCA4a0MIEQqFWqukJ7Hha2LQ,曾舔舔🕊️,2026-03-10T09:50:00Z,22,,zh,PT2M5S,125,hd,False,31671,921,29,0,https://en.wikipedia.org/wiki/Basketball|https://en.wikipedia.org/wiki/Sport,2026-05-27T06:49:30.480239+00:00
gWDYyk8lPv4,運球突破如何比防守快一步？🏀 #籃球 #有料教學 #俊鸿TV #曾舔舔 #曾教練,,UCA4a0MIEQqFWqukJ7Hha2LQ,曾舔舔🕊️,2026-03-09T04:15:09Z,22,,zh,PT1M6S,66,hd,False,21533,437,6,0,https://en.wikipedia.org/wiki/Basketball|https://en.wikipedia.org/wiki/Sport,2026-05-27T06:49:30.480239+00:00
JmG8NdRTPd8,過人的時候肩膀也有講究？🏀 #籃球 #有料教學 #俊鸿TV #曾舔舔 #曾教練,,UCA4a0MIEQqFWqukJ7Hha2LQ,曾舔舔🕊️,2026-03-08T07:25:43Z,22,,zh,PT55S,55,hd,False,17733,356,1,0,https://en.wikipedia.org/wiki/Basketball|https://en.wikipedia.org/wiki/Sport,2026-05-27T06:49:30.480239+00:00
2JDs2Vmg1xY,如何創造宇宙般的空間🏀 #籃球 #有料教學 #俊鸿TV #曾舔舔 #曾教練,,UCA4a0MIEQqFWqukJ7Hha2LQ,曾舔舔🕊️,2026-03-02T09:24:45Z,22,,zh,PT1M20S,80,hd,False,53676,1153,10,0,https://en.wikipedia.org/wiki/Basketball|https://en.wikipedia.org/wiki/Sport,2026-05-27T06:49:30.480239+00:00
FHbltcnpF1o,「扮演高中生打野球」穿校服總會遇到…🏀影片發佈於2024年3月 #籃球 #篮球 #街場 #高中生  #basketball #曾教練 #曾舔舔,,UCA4a0MIEQqFWqukJ7Hha2LQ,曾舔舔🕊️,2026-02-28T12:33:12Z,22,,zh,PT2M29S,149,hd,False,107141,2386,33,0,https://en.wikipedia.org/wiki/Basketball|https://en.wikipedia.org/wiki/Sport,2026-05-27T06:49:30.480239+00:00
4503K4sr7zk,「實戰分析」防的噁心，投得順暢🏀 #籃球 #實戰分析 #百分大戰 #曾舔舔 #曾教練,,UCA4a0MIEQqFWqukJ7Hha2LQ,曾舔舔🕊️,2026-02-27T15:28:46Z,22,,zh,PT1M31S,91,hd,False,184363,3971,49,0,https://en.wikipedia.org/wiki/Basketball|https://en.wikipedia.org/wiki/Sport,2026-05-27T06:49:30.480239+00:00
db87RVhvrRM,屋漏偏逢連夜雨😭影片發佈於2024年4月🏀 #籃球 #街球霸王成都站,,UCA4a0MIEQqFWqukJ7Hha2LQ,曾舔舔🕊️,2026-02-27T03:14:37Z,22,,zh,PT49S,49,hd,False,86020,1551,39,0,https://en.wikipedia.org/wiki/Basketball|https://en.wikipedia.org/wiki/Health|https://en.wikipedia.org/wiki/Lifestyle_(sociology),2026-05-27T06:49:30.480239+00:00
pa9H62P_1w0,別侮辱籃球了🤦影片發佈於2024年10月🏀#籃球 #衝突,,UCA4a0MIEQqFWqukJ7Hha2LQ,曾舔舔🕊️,2026-02-26T12:42:43Z,22,,zh,PT1M36S,96,hd,False,234978,4665,216,0,https://en.wikipedia.org/wiki/Basketball|https://en.wikipedia.org/wiki/Sport,2026-05-27T06:49:30.480239+00:00
jXajDEZvojk,教練沒教過的？我來教你🏀#籃球 #篮球 #籃球教學 #basketball #俊鸿TV #🏀 #曾舔舔 #曾教練,,UCA4a0MIEQqFWqukJ7Hha2LQ,曾舔舔🕊️,2026-02-25T10:18:46Z,22,,zh,PT1M3S,63,hd,False,75509,1161,11,0,https://en.wikipedia.org/wiki/Basketball|https://en.wikipedia.org/wiki/Sport,2026-05-27T06:49:30.480239+00:00
tryhlcMds6o,「靠腰穿搭」過年添新鞋！匡威怪奇物語聯名有點意思👟#靠腰穿搭 #穿搭 #匡威 #怪奇物語 #converse #俊鴻 #俊鸿,,UCA4a0MIEQqFWqukJ7Hha2LQ,曾舔舔🕊️,2026-02-25T03:55:00Z,22,,zh,PT2M5S,125,hd,False,86120,2058,23,0,https://en.wikipedia.org/wiki/Lifestyle_(sociology),2026-05-27T06:49:30.480239+00:00
Dn_oHNTc6wQ,🎤來財💰 #八方來財 #俊鸿TV,,UCA4a0MIEQqFWqukJ7Hha2LQ,曾舔舔🕊️,2026-02-24T15:43:42Z,22,,zh,PT32S,32,hd,False,8523,106,1,0,https://en.wikipedia.org/wiki/Music,2026-05-27T06:49:30.480239+00:00
Q87fOUqwxnU,「靠腰穿搭」以物換物！一場長期實用主義與大膽創新設計的碰撞😎#穿搭 #日常 #俊鴻 #俊鸿,,UCA4a0MIEQqFWqukJ7Hha2LQ,曾舔舔🕊️,2026-02-24T10:32:43Z,22,,zh,PT2M53S,173,hd,False,264428,7706,56,0,https://en.wikipedia.org/wiki/Lifestyle_(sociology),2026-05-27T06:49:30.480239+00:00
vqcgc0sR_xk,那個？🏀 #威姆斯 #外國人在中國 #卡米然 #籃球 #真實 #曾舔舔 #曾教練,,UCA4a0MIEQqFWqukJ7Hha2LQ,曾舔舔🕊️,2026-02-23T10:01:17Z,22,,zh,PT48S,48,hd,False,25554,532,7,0,https://en.wikipedia.org/wiki/Basketball|https://en.wikipedia.org/wiki/Lifestyle_(sociology),2026-05-27T06:49:30.480239+00:00
WyQbHpAY1CM,「實戰分析」失誤人人有，情緒穩定是面對不同局面的唯一方法！🏀#籃球 #篮球 #basketball #實戰分析 #曾教練 #曾舔舔,,UCA4a0MIEQqFWqukJ7Hha2LQ,曾舔舔🕊️,2026-02-23T07:14:32Z,22,,zh,PT1M14S,74,hd,False,45572,858,9,0,https://en.wikipedia.org/wiki/Basketball|https://en.wikipedia.org/wiki/Sport,2026-05-27T06:49:30.480239+00:00
jpklYaVXT_A,歐文上籃VS我上籃「這迷死人的腰」🏀 #籃球 #真實 #曾舔舔 #曾教練,,UCA4a0MIEQqFWqukJ7Hha2LQ,曾舔舔🕊️,2026-02-22T12:31:02Z,22,,zh,PT14S,14,hd,False,162865,1730,23,0,https://en.wikipedia.org/wiki/Basketball|https://en.wikipedia.org/wiki/Sport,2026-05-27T06:49:30.480239+00:00
sYqsRkfEnLg,「我們三個不是很會打，可以加一對嗎？」🏀 #籃球 #真實 #俊鸿TV,,UCA4a0MIEQqFWqukJ7Hha2LQ,曾舔舔🕊️,2026-02-22T11:20:01Z,22,,zh,PT21S,21,hd,False,102626,2039,30,0,https://en.wikipedia.org/wiki/Entertainment,2026-05-27T06:49:30.480239+00:00
HANLETh9L3k,籃球腳步發展史😧🏀 #籃球 #真實 #曾舔舔 #曾教練,,UCA4a0MIEQqFWqukJ7Hha2LQ,曾舔舔🕊️,2026-02-22T10:02:04Z,22,,zh,PT21S,21,hd,False,640293,8125,165,0,https://en.wikipedia.org/wiki/Basketball|https://en.wikipedia.org/wiki/Sport,2026-05-27T06:49:30.480239+00:00
oY1eO4IB_0c,年後彈跳消失綜合症😧🏀 #籃球 #真實 #曾舔舔 #曾教練,,UCA4a0MIEQqFWqukJ7Hha2LQ,曾舔舔🕊️,2026-02-21T08:40:36Z,22,,zh,PT55S,55,hd,False,39959,747,2,0,https://en.wikipedia.org/wiki/Basketball|https://en.wikipedia.org/wiki/Lifestyle_(sociology),2026-05-27T06:49:30.480239+00:00
YWexhCDrDgc,「實戰分析-下集」新年百分大戰！沒體力了怎麼打百分？1段式、1.5段式、2段式任意切換🏀 #籃球 #實戰分析 #百分大戰 #阿彬 #曾舔舔,,UCA4a0MIEQqFWqukJ7Hha2LQ,曾舔舔🕊️,2026-02-20T12:25:48Z,22,,zh,PT2M43S,163,hd,False,40764,821,17,0,https://en.wikipedia.org/wiki/Basketball|https://en.wikipedia.org/wiki/Sport,2026-05-27T06:49:30.480239+00:00
UUHslVUyJ6s,「實戰分析-上集」新年百分大戰！沒體力了怎麼打百分？1段式、1.5段式、2段式任意切換🏀 #籃球 #實戰分析 #百分大戰 #阿彬 #曾舔舔,,UCA4a0MIEQqFWqukJ7Hha2LQ,曾舔舔🕊️,2026-02-20T12:24:00Z,22,,zh,PT2M47S,167,hd,False,88703,1158,20,0,https://en.wikipedia.org/wiki/Basketball|https://en.wikipedia.org/wiki/Sport,2026-05-27T06:49:30.480239+00:00
63nKJk3Bn6I,年後投籃消失綜合症02😧🏀 #籃球 #真實 #曾舔舔 #曾教練,,UCA4a0MIEQqFWqukJ7Hha2LQ,曾舔舔🕊️,2026-02-20T11:05:07Z,22,,zh,PT1M20S,80,hd,False,35644,603,2,0,https://en.wikipedia.org/wiki/Basketball|https://en.wikipedia.org/wiki/Sport,2026-05-27T06:49:30.480239+00:00
r0en7fjJcOo,年後投籃消失綜合症01😧🏀 #籃球 #真實 #曾舔舔 #曾教練,,UCA4a0MIEQqFWqukJ7Hha2LQ,曾舔舔🕊️,2026-02-20T07:38:45Z,22,,zh,PT23S,23,hd,False,35938,485,2,0,https://en.wikipedia.org/wiki/Basketball|https://en.wikipedia.org/wiki/Sport,2026-05-27T06:49:30.480239+00:00
tCfUI5O2XCk,「百分大戰」曾舔舔VS阿彬🏀via阿彬_ABIN #籃球 #百分大戰 #百分大战,,UCA4a0MIEQqFWqukJ7Hha2LQ,曾舔舔🕊️,2026-02-12T03:56:02Z,22,,zh,PT2M10S,130,hd,False,40800,939,18,0,https://en.wikipedia.org/wiki/Basketball|https://en.wikipedia.org/wiki/Sport,2026-05-27T06:49:30.480239+00:00
iXd8a774O1g,找到划船節奏玩弄防守🤣🏀 #籃球 #有料教學 #俊鸿TV #曾舔舔 #曾教練,,UCA4a0MIEQqFWqukJ7Hha2LQ,曾舔舔🕊️,2026-02-07T02:03:42Z,22,,zh,PT56S,56,hd,False,144705,1784,14,0,https://en.wikipedia.org/wiki/Basketball|https://en.wikipedia.org/wiki/Sport,2026-05-27T06:49:30.480239+00:00
02LQ3vRi5ws,被墊腳前的幻想罷了🤣🏀#籃球 #篮球 #basketball #真實 #俊鸿TV,,UCA4a0MIEQqFWqukJ7Hha2LQ,曾舔舔🕊️,2026-02-02T11:25:01Z,22,,zh,PT22S,22,hd,False,60673,895,14,0,https://en.wikipedia.org/wiki/Basketball|https://en.wikipedia.org/wiki/Sport,2026-05-27T06:49:30.480239+00:00
Wa0MEvCRv00,被線下真實了！我還有女粉？？🏀#籃球 #篮球 #basketball #粉絲互動 #曾教練 #曾舔舔,,UCA4a0MIEQqFWqukJ7Hha2LQ,曾舔舔🕊️,2026-02-02T10:02:43Z,22,,zh,PT1M13S,73,hd,False,64035,1298,9,0,https://en.wikipedia.org/wiki/Basketball|https://en.wikipedia.org/wiki/Sport,2026-05-27T06:49:30.480239+00:00
-OfVGK-hIl0,如何讓自己在比赛中的三分投籃更加穩定🏀#籃球 #杨皓喆 #篮球 #籃球教學 #threepointer #basketball #🏀 #我爱牛肉汉堡,,UCA4a0MIEQqFWqukJ7Hha2LQ,曾舔舔🕊️,2026-02-01T09:55:00Z,22,,zh,PT1M1S,61,hd,False,73548,1090,3,0,https://en.wikipedia.org/wiki/Basketball|https://en.wikipedia.org/wiki/Sport,2026-05-27T06:49:30.480239+00:00
VEFBUT26PEc,你是什麼時候開始掌握「頂級後衛視野」的？🏀#籃球 #篮球 #籃球教學 #後衛視野 #basketball #🏀 #我爱牛肉汉堡,,UCA4a0MIEQqFWqukJ7Hha2LQ,曾舔舔🕊️,2026-02-01T04:15:03Z,22,,zh,PT1M1S,61,hd,False,101316,1687,6,0,https://en.wikipedia.org/wiki/Basketball|https://en.wikipedia.org/wiki/Sport,2026-05-27T06:49:30.480239+00:00
83KOBRRgeAM,「新生阿猿32」如何利用護球手防止老球痞的handcheck？🏀 #新生阿猿 #籃球 #出生 #卷毛 #短劇  #劇場 #basketball #一人分飾多角 #我愛牛肉漢堡 #我爱牛肉汉堡,,UCA4a0MIEQqFWqukJ7Hha2LQ,曾舔舔🕊️,2026-01-31T09:50:00Z,22,,zh,PT1M31S,91,hd,False,303460,6892,35,0,https://en.wikipedia.org/wiki/Basketball|https://en.wikipedia.org/wiki/Sport,2026-05-27T06:49:30.480239+00:00
5ZNUt71t0To,人球分過！？真被曾教練裝到了🤣🏀 #籃球 #篮球 #basketball #實戰 #曾教練 #曾舔舔,,UCA4a0MIEQqFWqukJ7Hha2LQ,曾舔舔🕊️,2026-01-31T03:56:48Z,22,,zh,PT22S,22,hd,False,37412,420,3,0,https://en.wikipedia.org/wiki/Basketball|https://en.wikipedia.org/wiki/Sport,2026-05-27T06:49:30.480239+00:00
3VjNsyHTVY0,「實戰分析」學會節奏打球就很妙！🏀#籃球 #篮球 #basketball #實戰分析 #曾教練 #曾舔舔,,UCA4a0MIEQqFWqukJ7Hha2LQ,曾舔舔🕊️,2026-01-30T09:50:00Z,22,,zh,PT1M1S,61,hd,False,30188,517,2,0,https://en.wikipedia.org/wiki/Basketball|https://en.wikipedia.org/wiki/Sport,2026-05-27T06:49:30.480239+00:00
m6Ne6ddAV3c,那天下午做了一個夢☁️發佈於2023年2月 泰國,,UCA4a0MIEQqFWqukJ7Hha2LQ,曾舔舔🕊️,2026-01-29T12:15:17Z,22,,zh,PT14S,14,hd,False,5281,66,0,0,https://en.wikipedia.org/wiki/Lifestyle_(sociology),2026-05-27T06:49:30.480239+00:00
szb0Quy4Opo,冒充05後不過分吧😆 發佈於2023年3月 #曾教練 #曾舔舔,,UCA4a0MIEQqFWqukJ7Hha2LQ,曾舔舔🕊️,2026-01-29T11:01:34Z,22,,zh,PT15S,15,hd,False,7607,80,1,0,https://en.wikipedia.org/wiki/Lifestyle_(sociology),2026-05-27T06:49:30.480239+00:00
x54zciHV9LU,2023年第一次在東南亞打自由搏擊籃球場🏀 發佈於2023年2月 #籃球 #實戰影片 #曾教練 #曾舔舔,,UCA4a0MIEQqFWqukJ7Hha2LQ,曾舔舔🕊️,2026-01-29T04:10:01Z,22,,zh,PT1M36S,96,hd,False,50015,847,6,0,https://en.wikipedia.org/wiki/Basketball|https://en.wikipedia.org/wiki/Sport,2026-05-27T06:49:30.480239+00:00
7LrkSrGpS_0,成為你自己🏀 發佈於2023年3月 #籃球 #曾教練 #曾舔舔,,UCA4a0MIEQqFWqukJ7Hha2LQ,曾舔舔🕊️,2026-01-28T13:10:00Z,22,,zh,PT17S,17,hd,False,7172,79,1,0,https://en.wikipedia.org/wiki/Basketball|https://en.wikipedia.org/wiki/Lifestyle_(sociology),2026-05-27T06:49:30.480239+00:00
uh3zNoKsQf4,偷偷進步🏀 發佈於2023年2月 #🏀 #曾教練 #曾舔舔,,UCA4a0MIEQqFWqukJ7Hha2LQ,曾舔舔🕊️,2026-01-28T12:10:01Z,22,,zh,PT17S,17,hd,False,8109,106,3,0,https://en.wikipedia.org/wiki/Physical_fitness|https://en.wikipedia.org/wiki/Sport,2026-05-27T06:49:30.480239+00:00
Z0TsU6eMW7c,男人要猛，來一碗曾教練的雞血🏋️發佈於2022年12月 #訓練日常 #曾舔舔 #曾教練,,UCA4a0MIEQqFWqukJ7Hha2LQ,曾舔舔🕊️,2026-01-28T11:30:37Z,22,,zh,PT26S,26,hd,False,18120,298,6,0,https://en.wikipedia.org/wiki/Lifestyle_(sociology)|https://en.wikipedia.org/wiki/Physical_fitness,2026-05-27T06:49:30.480239+00:00
Y7i-cj2byPA,曾教練火的第一條實戰影片🎦🏀發佈於2022年2月 #籃球 #曾教練 #曾舔舔,,UCA4a0MIEQqFWqukJ7Hha2LQ,曾舔舔🕊️,2026-01-28T10:20:00Z,22,,zh,PT5S,5,hd,False,19882,146,6,0,https://en.wikipedia.org/wiki/Basketball|https://en.wikipedia.org/wiki/Sport,2026-05-27T06:49:30.480239+00:00
qtE_H612s5s,高中生如何見義勇為？,,UCA4a0MIEQqFWqukJ7Hha2LQ,曾舔舔🕊️,2026-01-28T04:15:04Z,22,,zh,PT40S,40,hd,False,22888,398,2,0,https://en.wikipedia.org/wiki/Entertainment,2026-05-27T06:49:30.480239+00:00
61Bav4g-ShM,當你擊敗Boss後音樂反而激烈了起來…🏀 #真實 #搞笑 #遊戲 #俊鸿TV,,UCA4a0MIEQqFWqukJ7Hha2LQ,曾舔舔🕊️,2026-01-27T10:15:00Z,22,,zh,PT23S,23,hd,False,33508,460,4,0,https://en.wikipedia.org/wiki/Humour|https://en.wikipedia.org/wiki/Sport,2026-05-27T06:49:30.480239+00:00
j2P4mhVkOEU,如何讓轉身更多元化｜你的進攻是什麼時候開始被稱為「滾筒洗衣機」的？🏀#籃球 #篮球 #籃球教學 #轉身 #basketball #🏀 #我愛牛肉漢堡 #我爱牛肉汉堡,,UCA4a0MIEQqFWqukJ7Hha2LQ,曾舔舔🕊️,2026-01-24T09:45:07Z,22,,zh,PT1M,60,hd,False,21937,419,9,0,https://en.wikipedia.org/wiki/Basketball|https://en.wikipedia.org/wiki/Sport,2026-05-27T06:49:30.480239+00:00
NwS5V8X0F_o,「感受重心」背身單打的秘密㊙️🏀#籃球 #篮球 #籃球教學 #basketball #🏀 #我愛牛肉漢堡,,UCA4a0MIEQqFWqukJ7Hha2LQ,曾舔舔🕊️,2026-01-24T03:30:19Z,22,,ko,PT1M1S,61,hd,False,14616,221,0,0,https://en.wikipedia.org/wiki/Basketball|https://en.wikipedia.org/wiki/Sport,2026-05-27T06:49:30.480239+00:00
TJxFiazSEAc,「搓球」打鐵王變神射手的投籃技巧🏀#籃球 #篮球 #籃球教學 #搓球 #basketball #俊鸿TV #🏀 #曾舔舔,,UCA4a0MIEQqFWqukJ7Hha2LQ,曾舔舔🕊️,2026-01-23T10:05:02Z,22,,zh,PT1M1S,61,hd,False,86910,1051,22,0,https://en.wikipedia.org/wiki/Basketball|https://en.wikipedia.org/wiki/Sport,2026-05-27T06:49:30.480239+00:00
IuYNL38T0x4,曾教練超絕防守技巧教學🏀 #籃球 #有料教學 #俊鸿TV #曾舔舔 #曾教練,,UCA4a0MIEQqFWqukJ7Hha2LQ,曾舔舔🕊️,2026-01-22T11:20:00Z,22,,zh,PT17S,17,hd,False,27691,183,5,0,https://en.wikipedia.org/wiki/Basketball|https://en.wikipedia.org/wiki/Sport,2026-05-27T06:49:30.480239+00:00
qOchFo6tSM0,這個世界上最不缺的就是天才🏀#籃球 #篮球 #真實 #劇情 #天才 #basketball #俊鸿TV,,UCA4a0MIEQqFWqukJ7Hha2LQ,曾舔舔🕊️,2026-01-22T09:55:01Z,22,,zh,PT1M31S,91,hd,False,173457,3808,32,0,https://en.wikipedia.org/wiki/Basketball|https://en.wikipedia.org/wiki/Sport,2026-05-27T06:49:30.480239+00:00
MnSzNIJab2w,蠕動節奏玩弄你的兄弟🤣🏀 #籃球 #有料教學 #俊鸿TV #曾舔舔 #曾教練,,UCA4a0MIEQqFWqukJ7Hha2LQ,曾舔舔🕊️,2026-01-22T03:50:08Z,22,,zh,PT48S,48,hd,False,74191,981,16,0,https://en.wikipedia.org/wiki/Basketball|https://en.wikipedia.org/wiki/Sport,2026-05-27T06:49:30.480239+00:00
6Je55DBaNiA,抓住拍子，用節奏戲耍你的兄弟！🏀 #籃球 #有料教學 #俊鸿TV #曾舔舔 #曾教練,,UCA4a0MIEQqFWqukJ7Hha2LQ,曾舔舔🕊️,2026-01-21T10:50:00Z,22,,zh,PT56S,56,hd,False,319718,3660,45,0,https://en.wikipedia.org/wiki/Basketball|https://en.wikipedia.org/wiki/Sport,2026-05-27T06:49:30.480239+00:00
4TSSRasknqc,「生活表演課」俊鸿鞋子內增高之謎🤣🏀 #籃球 #篮球 #有料教學 #表演課 #basketball #俊鸿,,UCA4a0MIEQqFWqukJ7Hha2LQ,曾舔舔🕊️,2026-01-21T03:59:41Z,22,,zh,PT1M2S,62,hd,False,104318,2229,10,0,https://en.wikipedia.org/wiki/Lifestyle_(sociology),2026-05-27T06:49:30.480239+00:00
nbgOC_Uof9k,表白也許失敗，但「轉髖」一定會成功🏀 #籃球 #有料教學 #俊鸿,,UCA4a0MIEQqFWqukJ7Hha2LQ,曾舔舔🕊️,2026-01-20T11:05:01Z,22,,zh,PT22S,22,hd,False,191393,3364,18,0,https://en.wikipedia.org/wiki/Basketball|https://en.wikipedia.org/wiki/Sport,2026-05-27T06:49:30.480239+00:00
p3WIDP0rdAs,歐洲步上籃總是被扇飛？學學這招！🏀#籃球 #篮球 #籃球教學 #歐洲步 #basketball #🏀 #曾舔舔,,UCA4a0MIEQqFWqukJ7Hha2LQ,曾舔舔🕊️,2026-01-20T10:05:02Z,22,,zh,PT58S,58,hd,False,31743,384,2,0,https://en.wikipedia.org/wiki/Basketball|https://en.wikipedia.org/wiki/Sport,2026-05-27T06:49:30.480239+00:00
u0rJx-JUZ4A,一宿沒睡！淺談多年前在日本的一些所見所聞🏀「視頻發佈於2024年7月 2024年奧運會日本90:94加時憾負法國」,,UCA4a0MIEQqFWqukJ7Hha2LQ,曾舔舔🕊️,2026-01-19T12:31:16Z,22,,zh,PT2M49S,169,hd,False,19848,822,32,0,,2026-05-27T06:49:30.480239+00:00
GKDlNM_jL5E,為什麼別人買犯總有哨，而你還硬吃虧？🏀 #籃球 #有料教學 #俊鸿TV #曾舔舔 #曾教練,,UCA4a0MIEQqFWqukJ7Hha2LQ,曾舔舔🕊️,2026-01-19T11:30:12Z,22,,zh,PT1M43S,103,hd,False,20384,350,7,0,https://en.wikipedia.org/wiki/Basketball|https://en.wikipedia.org/wiki/Sport,2026-05-27T06:49:30.480239+00:00
_LJHCOH40c4,音樂+籃球有沒有搞頭？🤣🏀 #籃球 #有料教學 #曾舔舔 #曾教練,,UCA4a0MIEQqFWqukJ7Hha2LQ,曾舔舔🕊️,2026-01-19T09:30:32Z,22,,zh,PT1M41S,101,hd,False,18195,617,2,0,https://en.wikipedia.org/wiki/Basketball|https://en.wikipedia.org/wiki/Sport,2026-05-27T06:49:30.480239+00:00
cHz8MyNnm4A,掌握節奏打破常規才能玩弄防守！俊鸿的怪招看似怪實則有自己的節奏🤣🏀 #籃球 #有料教學 #曾舔舔 #曾教練,,UCA4a0MIEQqFWqukJ7Hha2LQ,曾舔舔🕊️,2026-01-17T03:50:00Z,22,,zh,PT1M36S,96,hd,False,47525,1037,8,0,https://en.wikipedia.org/wiki/Basketball|https://en.wikipedia.org/wiki/Sport,2026-05-27T06:49:30.480239+00:00
kzKV4PKM6uA,這才是籃球該有的樣子🏀 #籃球 #篮球 #basketball #曾舔舔 #曾教練,,UCA4a0MIEQqFWqukJ7Hha2LQ,曾舔舔🕊️,2026-01-16T12:15:15Z,22,,zh,PT9S,9,hd,False,53890,397,5,0,https://en.wikipedia.org/wiki/Basketball|https://en.wikipedia.org/wiki/Sport,2026-05-27T06:49:30.480239+00:00
eF9-hoj24n4,那個喜歡放煙霧彈的練球哥🤣🏀#真實 #籃球 #篮球 #搞笑 #basketball #曾舔舔 #曾教練,,UCA4a0MIEQqFWqukJ7Hha2LQ,曾舔舔🕊️,2026-01-16T11:15:12Z,22,,zh,PT9S,9,hd,False,28049,291,2,0,https://en.wikipedia.org/wiki/Basketball|https://en.wikipedia.org/wiki/Humour|https://en.wikipedia.org/wiki/Sport,2026-05-27T06:49:30.480239+00:00
_YXv6iLsuYQ,男生紋眉是什麼感覺？😎 #日常分享 #紋眉 #曾舔舔,,UCA4a0MIEQqFWqukJ7Hha2LQ,曾舔舔🕊️,2026-01-16T09:50:00Z,22,,zh,PT2M20S,140,hd,False,21499,561,35,0,https://en.wikipedia.org/wiki/Lifestyle_(sociology),2026-05-27T06:49:30.480239+00:00
mq1jIRtFDng,如何對付墊腳的？🥊🏀#搞笑 #籃球 #有料教學 #曾舔舔 #曾教練,,UCA4a0MIEQqFWqukJ7Hha2LQ,曾舔舔🕊️,2026-01-16T04:43:46Z,22,,zh,PT1M58S,118,hd,False,24078,842,21,0,https://en.wikipedia.org/wiki/Basketball|https://en.wikipedia.org/wiki/Health|https://en.wikipedia.org/wiki/Lifestyle_(sociology),2026-05-27T06:49:30.480239+00:00
iV2Uq675yCM,「新生阿猿31」你是什麼時候學會在進攻的時候保持思考分析防守？🏀 #新生阿猿 #籃球 #篮球 #短劇  #劇場 #basketball #一人分飾多角 #我愛牛肉漢堡 #我爱牛肉汉堡,,UCA4a0MIEQqFWqukJ7Hha2LQ,曾舔舔🕊️,2026-01-15T13:01:28Z,22,,zh,PT1M17S,77,hd,False,14587,309,2,0,https://en.wikipedia.org/wiki/Basketball|https://en.wikipedia.org/wiki/Sport,2026-05-27T06:49:30.480239+00:00
FuMfDu9512s,「新生阿猿30」校園班際賽？有神的腳步，包贏的🏀 #新生阿猿 #籃球 #篮球 #短劇  #劇場 #basketball #一人分飾多角 #我愛牛肉漢堡 #我爱牛肉汉堡,,UCA4a0MIEQqFWqukJ7Hha2LQ,曾舔舔🕊️,2026-01-15T12:35:33Z,22,,zh,PT2M21S,141,hd,False,90004,2391,20,0,https://en.wikipedia.org/wiki/Basketball|https://en.wikipedia.org/wiki/Sport,2026-05-27T06:49:30.480239+00:00
kOP98aQaJgU,那個喜歡誇張的陰陽哥😅🏀#真實 #籃球 #篮球 #搞笑 #basketball #曾舔舔 #曾教練,,UCA4a0MIEQqFWqukJ7Hha2LQ,曾舔舔🕊️,2026-01-15T11:07:28Z,22,,zh,PT31S,31,hd,False,18607,264,3,0,https://en.wikipedia.org/wiki/Basketball|https://en.wikipedia.org/wiki/Humour|https://en.wikipedia.org/wiki/Sport,2026-05-27T06:49:30.480239+00:00
BZoq0UH2s-I,「你為何懶惰又好勝」🏀 #訓練 #訓練日常 #籃球 #篮球 #曾教練 #曾舔舔,,UCA4a0MIEQqFWqukJ7Hha2LQ,曾舔舔🕊️,2026-01-13T09:50:00Z,22,,zh,PT20S,20,hd,False,18332,258,13,0,https://en.wikipedia.org/wiki/Basketball|https://en.wikipedia.org/wiki/Lifestyle_(sociology)|https://en.wikipedia.org/wiki/Physical_fitness,2026-05-27T06:49:30.480239+00:00
eNsYCAI6Hio,「跟裁判鬥智鬥勇4」那些街球動作🤣🏀 #籃球 #篮球 #有料教學 #裁判 #球證 #basketball #俊鸿 #曾教練 #曾舔舔,,UCA4a0MIEQqFWqukJ7Hha2LQ,曾舔舔🕊️,2026-01-12T12:20:02Z,22,,zh,PT1M19S,79,hd,False,230824,3180,22,0,https://en.wikipedia.org/wiki/Basketball|https://en.wikipedia.org/wiki/Sport,2026-05-27T06:49:30.480239+00:00
cJN4iU6IHOI,「跟裁判鬥智鬥勇3」裁判：你們好煩🤣🏀 #籃球 #篮球 #有料教學 #裁判 #球證 #basketball #俊鸿 #曾教練 #曾舔舔,,UCA4a0MIEQqFWqukJ7Hha2LQ,曾舔舔🕊️,2026-01-12T11:20:01Z,22,,zh,PT57S,57,hd,False,57508,1214,6,0,https://en.wikipedia.org/wiki/Basketball|https://en.wikipedia.org/wiki/Sport,2026-05-27T06:49:30.480239+00:00
rp0V3NvfQOo,「跟裁判鬥智鬥勇2」那些年的離譜肢體語言🤣🏀 #籃球 #篮球 #有料教學 #裁判 #球證 #basketball #俊鸿 #曾教練 #曾舔舔,,UCA4a0MIEQqFWqukJ7Hha2LQ,曾舔舔🕊️,2026-01-12T10:20:01Z,22,,zh,PT1M25S,85,hd,False,522748,11789,51,0,https://en.wikipedia.org/wiki/Basketball|https://en.wikipedia.org/wiki/Sport,2026-05-27T06:49:30.480239+00:00
gwwmA-KaOWQ,「跟裁判鬥智鬥勇1」那些年的「過肩」規則🤣🏀 #籃球 #篮球 #有料教學 #裁判 #球證 #basketball #俊鸿 #曾教練 #曾舔舔,,UCA4a0MIEQqFWqukJ7Hha2LQ,曾舔舔🕊️,2026-01-12T09:22:11Z,22,,zh,PT52S,52,hd,False,142898,1563,5,0,https://en.wikipedia.org/wiki/Basketball|https://en.wikipedia.org/wiki/Sport,2026-05-27T06:49:30.480239+00:00
tNK2GWwzzNc,球星的後仰跳投和我的😅🏀#真實 #籃球 #篮球 #搞笑 #basketball #曾舔舔 #曾教練,,UCA4a0MIEQqFWqukJ7Hha2LQ,曾舔舔🕊️,2026-01-11T09:55:01Z,22,,zh,PT15S,15,hd,False,129706,1242,3,0,https://en.wikipedia.org/wiki/Basketball|https://en.wikipedia.org/wiki/Humour|https://en.wikipedia.org/wiki/Sport,2026-05-27T06:49:30.480239+00:00
lFJWYbW0qfg,球场上的奇人异士😅🏀#真實 #籃球 #篮球 #搞笑 #basketball #曾舔舔 #曾教練,,UCA4a0MIEQqFWqukJ7Hha2LQ,曾舔舔🕊️,2026-01-11T04:05:02Z,22,,zh,PT32S,32,hd,False,34384,383,5,0,https://en.wikipedia.org/wiki/Basketball|https://en.wikipedia.org/wiki/Sport,2026-05-27T06:49:30.480239+00:00
p8uTSMhxVDs,「實戰分析」籃球實戰課🏀#籃球 #篮球 #basketball #實戰分析 #曾教練 #曾舔舔,,UCA4a0MIEQqFWqukJ7Hha2LQ,曾舔舔🕊️,2026-01-09T11:55:01Z,22,,zh,PT48S,48,hd,False,16828,235,0,0,https://en.wikipedia.org/wiki/Basketball|https://en.wikipedia.org/wiki/Sport,2026-05-27T06:49:30.480239+00:00
qMvWqRYTOtg,「實戰分析」中投靚仔🏀#籃球 #篮球 #basketball #實戰分析 #曾教練 #曾舔舔,,UCA4a0MIEQqFWqukJ7Hha2LQ,曾舔舔🕊️,2026-01-09T11:50:00Z,22,,zh,PT44S,44,hd,False,10871,135,0,0,https://en.wikipedia.org/wiki/Basketball|https://en.wikipedia.org/wiki/Sport,2026-05-27T06:49:30.480239+00:00
weTYA0-nV6A,那個有偶像包袱的籃球體育生😅🏀#真實 #籃球 #篮球 #搞笑 #basketball #曾舔舔 #曾教練,,UCA4a0MIEQqFWqukJ7Hha2LQ,曾舔舔🕊️,2026-01-09T10:55:01Z,22,,zh,PT1M13S,73,hd,False,31636,494,9,0,https://en.wikipedia.org/wiki/Basketball|https://en.wikipedia.org/wiki/Humour|https://en.wikipedia.org/wiki/Sport,2026-05-27T06:49:30.480239+00:00
5tGCIW1Z4fw,「實戰分析」俊鸿出征，曾教練只想拿個助攻🤣🏀#籃球 #篮球 #basketball #實戰分析 #俊鴻 #俊鸿  #曾教練 #曾舔舔,,UCA4a0MIEQqFWqukJ7Hha2LQ,曾舔舔🕊️,2026-01-09T09:55:00Z,22,,zh,PT1M18S,78,hd,False,204849,3029,35,0,https://en.wikipedia.org/wiki/Basketball|https://en.wikipedia.org/wiki/Sport,2026-05-27T06:49:30.480239+00:00
X_wd4GC1RMY,那個喜歡給壓力的製造焦慮哥😅🏀#真實 #籃球 #篮球 #搞笑 #basketball #曾舔舔 #曾教練,,UCA4a0MIEQqFWqukJ7Hha2LQ,曾舔舔🕊️,2026-01-08T11:50:00Z,22,,zh,PT23S,23,hd,False,20416,153,0,0,https://en.wikipedia.org/wiki/Basketball|https://en.wikipedia.org/wiki/Sport,2026-05-27T06:49:30.480239+00:00
9WqNq4Siae8,那個鋪墊很多的藉口哥😅🏀#真實 #籃球 #篮球 #搞笑 #basketball #曾舔舔 #曾教練,,UCA4a0MIEQqFWqukJ7Hha2LQ,曾舔舔🕊️,2026-01-08T10:50:00Z,22,,zh,PT56S,56,hd,False,22476,353,4,0,https://en.wikipedia.org/wiki/Basketball|https://en.wikipedia.org/wiki/Humour|https://en.wikipedia.org/wiki/Sport,2026-05-27T06:49:30.480239+00:00
nNbqaHT8Rto,那個很愛演的很久沒打了哥😅🏀#真實 #籃球 #篮球 #搞笑 #basketball #曾舔舔 #曾教練,,UCA4a0MIEQqFWqukJ7Hha2LQ,曾舔舔🕊️,2026-01-08T09:50:00Z,22,,zh,PT33S,33,hd,False,37136,515,5,0,https://en.wikipedia.org/wiki/Basketball|https://en.wikipedia.org/wiki/Humour|https://en.wikipedia.org/wiki/Sport,2026-05-27T06:49:30.480239+00:00
17NPEIKUkF0,如何進行有效空切🏀 #籃球 #有料教學 #basketball #我愛牛肉漢堡 #我爱牛肉汉堡,,UCA4a0MIEQqFWqukJ7Hha2LQ,曾舔舔🕊️,2026-01-08T04:10:00Z,22,,zh,PT1M,60,hd,False,17087,244,1,0,https://en.wikipedia.org/wiki/Basketball|https://en.wikipedia.org/wiki/Sport,2026-05-27T06:49:30.480239+00:00
tzP-Fp5M_-Q,那個有否定型人格的沒那麼容易哥😅🏀#真實 #籃球 #篮球 #搞笑 #basketball #曾舔舔 #曾教練,,UCA4a0MIEQqFWqukJ7Hha2LQ,曾舔舔🕊️,2026-01-07T14:33:22Z,22,,zh,PT41S,41,hd,False,422456,6231,29,0,https://en.wikipedia.org/wiki/Basketball|https://en.wikipedia.org/wiki/Humour|https://en.wikipedia.org/wiki/Sport,2026-05-27T06:49:30.480239+00:00
hV6A7ypNwDg,那個球場假裝努力哥Again😅🏀#真實 #籃球 #篮球 #搞笑 #basketball #曾舔舔 #曾教練,,UCA4a0MIEQqFWqukJ7Hha2LQ,曾舔舔🕊️,2026-01-06T11:55:02Z,22,,zh,PT1M2S,62,hd,False,83374,1110,4,0,https://en.wikipedia.org/wiki/Basketball|https://en.wikipedia.org/wiki/Humour|https://en.wikipedia.org/wiki/Sport,2026-05-27T06:49:30.480239+00:00
scfweXdZFpQ,那個球場假裝努力哥😅🏀#真實 #籃球 #篮球 #搞笑 #basketball #曾舔舔 #曾教練,,UCA4a0MIEQqFWqukJ7Hha2LQ,曾舔舔🕊️,2026-01-06T10:55:01Z,22,,zh,PT46S,46,hd,False,28486,441,31,0,https://en.wikipedia.org/wiki/Basketball|https://en.wikipedia.org/wiki/Humour|https://en.wikipedia.org/wiki/Sport,2026-05-27T06:49:30.480239+00:00
59jdbFZIWok,「扮演高中生打野球」舌戰群儒後…各位打球保護好自己🏀 #籃球 #篮球 #街場 #高中生  #basketball #曾教練 #曾舔舔,,UCA4a0MIEQqFWqukJ7Hha2LQ,曾舔舔🕊️,2026-01-06T09:55:00Z,22,,zh,PT1M2S,62,hd,False,51243,659,4,0,https://en.wikipedia.org/wiki/Basketball|https://en.wikipedia.org/wiki/Lifestyle_(sociology),2026-05-27T06:49:30.480239+00:00
skh2xZLvz1M,「扮演高中生打野球」後衛破防時刻🤣🏀 #籃球 #篮球 #街場 #高中生  #basketball #曾教練 #曾舔舔,,UCA4a0MIEQqFWqukJ7Hha2LQ,曾舔舔🕊️,2026-01-05T12:40:02Z,22,,zh,PT11S,11,hd,False,375294,3494,23,0,https://en.wikipedia.org/wiki/Basketball|https://en.wikipedia.org/wiki/Sport,2026-05-27T06:49:30.480239+00:00
ffXZNniTq4w,「扮演高中生打野球」有夢就要追！🤣🏀 #做夢 #籃球 #篮球 #街場 #高中生  #basketball #曾教練 #曾舔舔,,UCA4a0MIEQqFWqukJ7Hha2LQ,曾舔舔🕊️,2026-01-05T12:01:21Z,22,,zh,PT27S,27,hd,False,108299,980,9,0,https://en.wikipedia.org/wiki/Basketball|https://en.wikipedia.org/wiki/Sport,2026-05-27T06:49:30.480239+00:00
MOGygAEJBUc,國手西熱力江教職業賽場的招數！🏀 #籃球 #有料教學 #西熱力江 #曾舔舔 #曾教練,,UCA4a0MIEQqFWqukJ7Hha2LQ,曾舔舔🕊️,2026-01-05T10:56:12Z,22,,zh,PT2M15S,135,hd,False,19328,457,12,0,https://en.wikipedia.org/wiki/Basketball|https://en.wikipedia.org/wiki/Lifestyle_(sociology),2026-05-27T06:49:30.480239+00:00
QMG9myOJcaI,😅籃球未解之謎「不務正業的中鋒…」🏀#真實 #籃球 #篮球 #搞笑 #basketball #曾舔舔 #曾教練,,UCA4a0MIEQqFWqukJ7Hha2LQ,曾舔舔🕊️,2026-01-04T11:55:00Z,22,,zh,PT13S,13,hd,False,28009,277,4,0,https://en.wikipedia.org/wiki/Basketball|https://en.wikipedia.org/wiki/Humour|https://en.wikipedia.org/wiki/Sport,2026-05-27T06:49:30.480239+00:00
wM0IyCGpUQo,😅籃球未解之謎「是在刷進攻籃板嗎！？」🏀#真實 #籃球 #篮球 #搞笑 #basketball #曾舔舔 #曾教練,,UCA4a0MIEQqFWqukJ7Hha2LQ,曾舔舔🕊️,2026-01-04T10:55:00Z,22,,zh,PT12S,12,hd,False,121704,860,4,0,https://en.wikipedia.org/wiki/Basketball|https://en.wikipedia.org/wiki/Humour|https://en.wikipedia.org/wiki/Sport,2026-05-27T06:49:30.480239+00:00
YWNUi0p9l-s,當隊裡來了個打過NBA的年輕人🏀#俊鸿 #生日礼物 #河村勇輝 #kawamura #曾舔舔 #曾教練,,UCA4a0MIEQqFWqukJ7Hha2LQ,曾舔舔🕊️,2026-01-04T09:55:00Z,22,,zh,PT50S,50,hd,False,286669,5099,37,0,https://en.wikipedia.org/wiki/Basketball|https://en.wikipedia.org/wiki/Sport,2026-05-27T06:49:30.480239+00:00
okmh3oz1Pw4,打球前拿這套hyrox熱個身🏋️🏀 #hyroxtraining #supercover #體能訓練 #曾舔舔 #曾教練,,UCA4a0MIEQqFWqukJ7Hha2LQ,曾舔舔🕊️,2026-01-03T03:58:08Z,22,,zh,PT1M26S,86,hd,False,239483,3773,32,0,https://en.wikipedia.org/wiki/Health|https://en.wikipedia.org/wiki/Lifestyle_(sociology)|https://en.wikipedia.org/wiki/Physical_fitness,2026-05-27T06:49:30.480239+00:00
VVZBsCOeMHI,被兩個癡漢包夾時該怎麼辦？別害怕！🏀 #籃球 #有料教學 #曾舔舔 #曾教練,,UCA4a0MIEQqFWqukJ7Hha2LQ,曾舔舔🕊️,2025-12-30T09:55:00Z,22,,zh,PT35S,35,hd,False,59500,820,25,0,https://en.wikipedia.org/wiki/Basketball|https://en.wikipedia.org/wiki/Sport,2026-05-27T06:49:30.480239+00:00
De9FddLGDok,「實戰分析」多人單挑車輪戰🏀#籃球 #篮球 #basketball #實戰分析 #曾教練 #曾舔舔,,UCA4a0MIEQqFWqukJ7Hha2LQ,曾舔舔🕊️,2025-12-28T04:15:01Z,22,,zh,PT2M36S,156,hd,False,104392,1987,28,0,https://en.wikipedia.org/wiki/Basketball|https://en.wikipedia.org/wiki/Sport,2026-05-27T06:49:30.480239+00:00
_iuk6RQG70U,平時訓練都該怎麼練？練什麼？🏀 #訓練日常 #籃球 #威姆斯 #周楷恒 #Milenko #曾舔舔 #曾教練,,UCA4a0MIEQqFWqukJ7Hha2LQ,曾舔舔🕊️,2025-12-26T04:15:05Z,22,,zh,PT2M19S,139,hd,False,27109,723,14,0,https://en.wikipedia.org/wiki/Basketball|https://en.wikipedia.org/wiki/Sport,2026-05-27T06:49:30.480239+00:00
jD_A4nw6gUM,三威脅沒有威脅？來學這個被緊逼防守時製造空間的技巧！🏀#有料教学 #籃球 #篮球 #籃球技巧 #籃球教學 #三威脅 #basketball #曾舔舔 #曾教练,,UCA4a0MIEQqFWqukJ7Hha2LQ,曾舔舔🕊️,2025-12-24T04:15:03Z,22,,zh,PT54S,54,hd,False,60087,859,19,0,https://en.wikipedia.org/wiki/Basketball|https://en.wikipedia.org/wiki/Sport,2026-05-27T06:49:30.480239+00:00
bxf9yi8N2VA,送給小時候的自己🏀#校園行 #粉絲互動 #籃球 #篮球 #basketball #曾舔舔 #曾教練,,UCA4a0MIEQqFWqukJ7Hha2LQ,曾舔舔🕊️,2025-12-23T03:51:40Z,22,,zh,PT2M32S,152,hd,False,33302,1407,37,0,https://en.wikipedia.org/wiki/Lifestyle_(sociology),2026-05-27T06:49:30.480239+00:00
LHXQ1IZMuSw,这高中生太夸张了！！极强的拉杆和神准的中投，太难防了,,UCUMKfMWKhH8bEZZ4qoNLk4Q,肖他,2026-03-01T09:12:58Z,22,,zh,PT1M59S,119,hd,False,6902,231,5,0,https://en.wikipedia.org/wiki/Sport,2026-05-27T06:49:30.480239+00:00
gfAUqTTf2gs,第一次跟女朋友打球叫她防守我一个 她说她不会防守,,UCUMKfMWKhH8bEZZ4qoNLk4Q,肖他,2026-02-21T09:20:59Z,22,,zh,PT14S,14,hd,False,4983,50,2,0,https://en.wikipedia.org/wiki/Lifestyle_(sociology),2026-05-27T06:49:30.480239+00:00
_LgihoBlvXY,这是我见过最像凯里欧文的男人,,UCUMKfMWKhH8bEZZ4qoNLk4Q,肖他,2026-01-26T10:58:30Z,22,,zh,PT2M4S,124,hd,False,22783,711,10,0,https://en.wikipedia.org/wiki/Basketball|https://en.wikipedia.org/wiki/Sport,2026-05-27T06:49:30.480239+00:00
Z42k_9cLSvc,这是我见过运球幅度最夸张的，很不错的一位学生，有着自己独特的球风！！,,UCUMKfMWKhH8bEZZ4qoNLk4Q,肖他,2026-01-22T09:04:35Z,22,,zh,PT1M56S,116,hd,False,18597,381,0,0,https://en.wikipedia.org/wiki/Basketball|https://en.wikipedia.org/wiki/Sport,2026-05-27T06:49:30.480239+00:00
_DDAUnzSxcA,学校最强的两位没想到球风都这么丝滑 #籃球,,UCUMKfMWKhH8bEZZ4qoNLk4Q,肖他,2026-01-20T12:12:46Z,22,,zh,PT2M,120,hd,False,11037,247,1,0,https://en.wikipedia.org/wiki/Basketball|https://en.wikipedia.org/wiki/Sport,2026-05-27T06:49:30.480239+00:00
wdPe-FUhYyY,起猛了，校园行遇到欧文了！（这是全网最像欧文的学生）#籃球 #basketball,,UCUMKfMWKhH8bEZZ4qoNLk4Q,肖他,2026-01-17T11:35:36Z,22,,zh,PT2M22S,142,hd,False,16616,749,3,0,https://en.wikipedia.org/wiki/Basketball|https://en.wikipedia.org/wiki/Sport,2026-05-27T06:49:30.480239+00:00
Zqu0i0lyYms,漂亮国有美式 咱们有农式,,UCUMKfMWKhH8bEZZ4qoNLk4Q,肖他,2026-01-16T09:49:58Z,22,,zh,PT1M56S,116,hd,False,11120,309,1,0,https://en.wikipedia.org/wiki/Sport,2026-05-27T06:49:30.480239+00:00
IrmFSZEIduk,这个学校老师居然是单手跳投第一人 #basketball,,UCUMKfMWKhH8bEZZ4qoNLk4Q,肖他,2026-01-14T10:38:16Z,22,,zh,PT1M14S,74,hd,False,14857,599,3,0,https://en.wikipedia.org/wiki/Basketball|https://en.wikipedia.org/wiki/Sport,2026-05-27T06:49:30.480239+00:00
yGobBA941-U,罗布这三分太离谱了,,UCUMKfMWKhH8bEZZ4qoNLk4Q,肖他,2026-01-13T11:41:52Z,22,,zh,PT45S,45,hd,False,6329,227,1,0,https://en.wikipedia.org/wiki/Sport,2026-05-27T06:49:30.480239+00:00
BpjtF6CJayw,“广东小孩踢馆”（运球很松弛，球风很舒服，希望你越来越厉害）,,UCUMKfMWKhH8bEZZ4qoNLk4Q,肖他,2026-01-12T13:22:48Z,22,,zh,PT2M6S,126,hd,False,8526,329,0,0,https://en.wikipedia.org/wiki/Sport,2026-05-27T06:49:30.480239+00:00
7ZirEDvB9WY,现在初中生打球都这么暴力吗？,,UCUMKfMWKhH8bEZZ4qoNLk4Q,肖他,2026-01-11T09:05:36Z,22,,zh,PT1M54S,114,hd,False,7466,249,5,0,https://en.wikipedia.org/wiki/Basketball|https://en.wikipedia.org/wiki/Sport,2026-05-27T06:49:30.480239+00:00
KfZ6OSVLOZg,“天秀保安”（不应该惹业主了，被保安教训了）,,UCUMKfMWKhH8bEZZ4qoNLk4Q,肖他,2026-01-10T10:00:28Z,22,,zh,PT1M40S,100,hd,False,23099,574,1,0,https://en.wikipedia.org/wiki/Sport,2026-05-27T06:49:30.480239+00:00
fZm3dPNNkko,理性问一下：08年后有没有能打过他的,,UCUMKfMWKhH8bEZZ4qoNLk4Q,肖他,2026-01-09T11:59:39Z,22,,zh,PT2M15S,135,hd,False,22330,1454,5,0,https://en.wikipedia.org/wiki/Basketball|https://en.wikipedia.org/wiki/Sport,2026-05-27T06:49:30.480239+00:00
A5LmrRkdGvA,一抽一抽的嘉豪球风，真的太丝滑了,,UCUMKfMWKhH8bEZZ4qoNLk4Q,肖他,2026-01-08T09:14:55Z,22,,zh,PT2M17S,137,hd,False,9237,291,6,0,https://en.wikipedia.org/wiki/Sport,2026-05-27T06:49:30.480239+00:00
mhFs178UTWM,“温水煮了将军梦”,,UCUMKfMWKhH8bEZZ4qoNLk4Q,肖他,2026-01-07T10:20:02Z,22,,zh,PT2M27S,147,hd,False,9830,507,2,0,https://en.wikipedia.org/wiki/Basketball|https://en.wikipedia.org/wiki/Sport,2026-05-27T06:49:30.480239+00:00
20DUL0EMgow,这女球员可以打职业吗？直接赢下5双鞋，给她拿我最爱的伽马 #basketball,,UCUMKfMWKhH8bEZZ4qoNLk4Q,肖他,2026-01-05T09:44:42Z,22,,zh,PT1M42S,102,hd,False,20062,864,10,0,https://en.wikipedia.org/wiki/Basketball|https://en.wikipedia.org/wiki/Sport,2026-05-27T06:49:30.480239+00:00
tsi2csMkMlE,14岁的军训小伙简直就是球场华尔兹,,UCUMKfMWKhH8bEZZ4qoNLk4Q,肖他,2026-01-04T09:49:35Z,22,,zh,PT1M53S,113,hd,False,28405,994,7,0,https://en.wikipedia.org/wiki/Basketball|https://en.wikipedia.org/wiki/Sport,2026-05-27T06:49:30.480239+00:00
8wTxDYklZw8,这学校后卫人均不超过170，运球速率夸张，速度更夸张#篮球,,UCUMKfMWKhH8bEZZ4qoNLk4Q,肖他,2026-01-03T09:10:33Z,22,,zh,PT2M15S,135,hd,False,194297,2760,15,0,https://en.wikipedia.org/wiki/Basketball|https://en.wikipedia.org/wiki/Sport,2026-05-27T06:49:30.480239+00:00
e-eY9eEZFWQ,你们知道为什么08后的球员越来越厉害了,,UCUMKfMWKhH8bEZZ4qoNLk4Q,肖他,2026-01-02T09:34:03Z,22,,zh,PT1M21S,81,hd,False,24193,482,2,0,https://en.wikipedia.org/wiki/Basketball|https://en.wikipedia.org/wiki/Sport,2026-05-27T06:49:30.480239+00:00
3mQOuhB1lDY,打美高的为什么都这么厉害,,UCUMKfMWKhH8bEZZ4qoNLk4Q,肖他,2026-01-01T09:07:36Z,22,,zh,PT2M5S,125,hd,False,23230,889,3,0,https://en.wikipedia.org/wiki/Basketball|https://en.wikipedia.org/wiki/Sport,2026-05-27T06:49:30.480239+00:00
VD9FBCOvtW8,在学校遇到这种中投很准的怎么办,,UCUMKfMWKhH8bEZZ4qoNLk4Q,肖他,2025-12-31T10:08:28Z,22,,zh,PT1M19S,79,hd,False,7860,232,1,0,https://en.wikipedia.org/wiki/Sport,2026-05-27T06:49:30.480239+00:00
u5WeQsRJKbo,原来校队最强居然是210cm的教练,,UCUMKfMWKhH8bEZZ4qoNLk4Q,肖他,2025-12-30T10:36:06Z,22,,zh,PT1M20S,80,hd,False,184118,2430,0,0,https://en.wikipedia.org/wiki/Sport,2026-05-27T06:49:30.480239+00:00
1tDpF4UIFH8,"The ""suit-wearing thug's director"" has a beautiful jump shot with terrifying accuracy!",,UCUMKfMWKhH8bEZZ4qoNLk4Q,肖他,2025-12-29T09:33:51Z,22,,en,PT1M44S,104,hd,False,7416,266,3,0,https://en.wikipedia.org/wiki/Basketball|https://en.wikipedia.org/wiki/Sport,2026-05-27T06:49:30.480239+00:00
DW9tETCkUBo,“拖鞋战神”（国内有几个能做出来这样的动作？） #basketball #籃球,,UCUMKfMWKhH8bEZZ4qoNLk4Q,肖他,2025-12-28T09:13:11Z,22,,zh,PT1M49S,109,hd,False,10695,479,2,0,https://en.wikipedia.org/wiki/Basketball|https://en.wikipedia.org/wiki/Sport,2026-05-27T06:49:30.480239+00:00
kMJJLmONmm4,不愧是草根球员天花板（难以置信能跟以前想成为的人同场竞技， 感恩大家）#basketball,,UCUMKfMWKhH8bEZZ4qoNLk4Q,肖他,2025-12-27T08:44:43Z,22,,zh,PT1M46S,106,hd,False,10535,289,0,0,https://en.wikipedia.org/wiki/Basketball|https://en.wikipedia.org/wiki/Sport,2026-05-27T06:49:30.480239+00:00
r-dOmb16h8k,戴着眼镜、穿着牛仔裤的理科生在球场简直可怕～,,UCUMKfMWKhH8bEZZ4qoNLk4Q,肖他,2025-12-25T09:52:30Z,22,,zh,PT2M18S,138,hd,False,7929,237,1,0,https://en.wikipedia.org/wiki/Sport,2026-05-27T06:49:30.480239+00:00
pK88HS5Mbb8,“两级反转”,,UCUMKfMWKhH8bEZZ4qoNLk4Q,肖他,2025-12-24T10:14:15Z,22,,zh,PT28S,28,hd,False,5265,90,0,0,https://en.wikipedia.org/wiki/Basketball|https://en.wikipedia.org/wiki/Sport,2026-05-27T06:49:30.480239+00:00
cQpNE-XSzQY,10岁篮球天才！中国的篮球越来越好了！！,,UCUMKfMWKhH8bEZZ4qoNLk4Q,肖他,2025-12-23T10:55:59Z,22,,zh,PT1M41S,101,hd,False,24700,1049,10,0,https://en.wikipedia.org/wiki/Basketball|https://en.wikipedia.org/wiki/Sport,2026-05-27T06:49:30.480239+00:00
8qyiNmWHUQY,国内还有比他更美式的球员吗？（跟哥哥们打球太开心了）,,UCUMKfMWKhH8bEZZ4qoNLk4Q,肖他,2025-12-22T10:21:29Z,22,,zh,PT25S,25,hd,False,26392,310,1,0,https://en.wikipedia.org/wiki/Basketball|https://en.wikipedia.org/wiki/Sport,2026-05-27T06:49:30.480239+00:00
eMfPWcfeok4,18岁这天赋太可怕了，主要是协调性很好，投篮也准！,,UCUMKfMWKhH8bEZZ4qoNLk4Q,肖他,2025-12-21T09:17:38Z,22,,zh,PT1M32S,92,hd,False,6424,159,3,0,https://en.wikipedia.org/wiki/Basketball|https://en.wikipedia.org/wiki/Sport,2026-05-27T06:49:30.480239+00:00
DpLI82X0nzE,这是我见过最准的老师，地理老师投篮姿势太轻松了～,,UCUMKfMWKhH8bEZZ4qoNLk4Q,肖他,2025-12-20T09:31:53Z,22,,zh,PT1M41S,101,hd,False,10785,388,1,0,https://en.wikipedia.org/wiki/Basketball|https://en.wikipedia.org/wiki/Sport,2026-05-27T06:49:30.480239+00:00
a1jvjeigLDU,“炸爽的篮球厂牌”,,UCUMKfMWKhH8bEZZ4qoNLk4Q,肖他,2025-12-19T09:30:34Z,22,,zh,PT1M35S,95,hd,False,37963,1125,7,0,https://en.wikipedia.org/wiki/Basketball|https://en.wikipedia.org/wiki/Sport,2026-05-27T06:49:30.480239+00:00
or3gZ0FWY3c,臂围60厘米的后卫谁防得住？？,,UCUMKfMWKhH8bEZZ4qoNLk4Q,肖他,2025-12-18T09:19:54Z,22,,zh,PT2M12S,132,hd,False,12807,871,2,0,https://en.wikipedia.org/wiki/Sport,2026-05-27T06:49:30.480239+00:00
Fr_keYwUEow,“残缺的玉是王”,,UCUMKfMWKhH8bEZZ4qoNLk4Q,肖他,2025-12-17T09:25:45Z,22,,zh,PT1M52S,112,hd,False,6944,401,1,0,https://en.wikipedia.org/wiki/Sport,2026-05-27T06:49:30.480239+00:00
FS3Tqja46Tk,这位高中生的长相让我轻敌了，更没想到的是他居然是理科学霸！,,UCUMKfMWKhH8bEZZ4qoNLk4Q,肖他,2025-12-16T10:04:55Z,22,,zh,PT1M59S,119,hd,False,6510,252,0,0,https://en.wikipedia.org/wiki/Sport,2026-05-27T06:49:30.480239+00:00
Q8N3Mrm58tI,球场四大怪“神勾手老师”,,UCUMKfMWKhH8bEZZ4qoNLk4Q,肖他,2025-12-15T09:22:09Z,22,,zh,PT1M42S,102,hd,False,21335,1447,6,0,https://en.wikipedia.org/wiki/Basketball|https://en.wikipedia.org/wiki/Sport,2026-05-27T06:49:30.480239+00:00
NryFLCYt6GA,他们都是我很早就喜欢的篮球博主，现在能跟他们一起交流篮球我很开心，我得继续向哥哥们学习！,,UCUMKfMWKhH8bEZZ4qoNLk4Q,肖他,2025-12-14T09:16:06Z,22,,zh,PT1M30S,90,hd,False,20534,786,2,0,https://en.wikipedia.org/wiki/Basketball|https://en.wikipedia.org/wiki/Sport,2026-05-27T06:49:30.480239+00:00
qGLcox8osdQ,肖洋天下-南京 #basketball #籃球,,UCUMKfMWKhH8bEZZ4qoNLk4Q,肖他,2025-12-10T07:39:36Z,22,,zh-Hant,PT37S,37,hd,False,6516,83,0,0,https://en.wikipedia.org/wiki/Basketball|https://en.wikipedia.org/wiki/Sport,2026-05-27T06:49:30.480239+00:00
9kSvJEqXaX8,当你在球场遇到这种喷垃圾话的，应该怎么办？,,UCUMKfMWKhH8bEZZ4qoNLk4Q,肖他,2025-12-05T09:17:08Z,22,,zh,PT3M1S,181,hd,False,5649,281,2,0,https://en.wikipedia.org/wiki/Lifestyle_(sociology),2026-05-27T06:49:30.480239+00:00
-7_KD2iMBEw,东单之神 这校领导现在还这么厉害，年轻的时候得多厉害啊？,,UCUMKfMWKhH8bEZZ4qoNLk4Q,肖他,2025-12-01T10:57:31Z,22,,zh,PT2M33S,153,hd,False,72661,1768,57,0,https://en.wikipedia.org/wiki/Sport,2026-05-27T06:49:30.480239+00:00
TTjsGDdpNGM,240斤的校园超人有点意思 #basketball #籃球,,UCUMKfMWKhH8bEZZ4qoNLk4Q,肖他,2025-11-30T14:45:09Z,22,,zh,PT1M36S,96,hd,False,7364,148,2,0,https://en.wikipedia.org/wiki/Basketball|https://en.wikipedia.org/wiki/Sport,2026-05-27T06:49:30.480239+00:00
7QSRipggElo,不敢相信这是50多岁的打法 #籃球 #basketball,,UCUMKfMWKhH8bEZZ4qoNLk4Q,肖他,2025-11-29T09:22:25Z,22,,zh,PT2M23S,143,hd,False,7446,317,4,0,https://en.wikipedia.org/wiki/Basketball|https://en.wikipedia.org/wiki/Sport,2026-05-27T06:49:30.480239+00:00
GZ200aCqQSU,历史第一外侧脚转身 欧文转身的秘密？ #籃球 #basketball,,UCUMKfMWKhH8bEZZ4qoNLk4Q,肖他,2025-11-27T10:19:08Z,22,,zh,PT36S,36,hd,False,16260,366,1,0,https://en.wikipedia.org/wiki/Basketball|https://en.wikipedia.org/wiki/Sport,2026-05-27T06:49:30.480239+00:00
9Q6w8Q2gCL0,一人单挑学校最强的三位学生，确实这些学生都非常夸张 #basketball #籃球,,UCUMKfMWKhH8bEZZ4qoNLk4Q,肖他,2025-11-25T09:06:27Z,22,,zh,PT2M34S,154,hd,False,29309,968,9,0,https://en.wikipedia.org/wiki/Basketball|https://en.wikipedia.org/wiki/Sport,2026-05-27T06:49:30.480239+00:00
UsqTTBdoAWE,五十岁大爷吓到我了，但该说不说肖他脚上鞋挺帅#肖他校园行,,UCUMKfMWKhH8bEZZ4qoNLk4Q,肖他,2025-11-22T04:03:18Z,22,,zh,PT33S,33,hd,False,6515,124,2,0,https://en.wikipedia.org/wiki/Sport,2026-05-27T06:49:30.480239+00:00
OLjdSXks-S0,#reelschallenge,,UCUMKfMWKhH8bEZZ4qoNLk4Q,肖他,2025-11-20T12:02:47Z,22,,en,PT1M49S,109,hd,False,6506,173,5,0,https://en.wikipedia.org/wiki/Sport,2026-05-27T06:49:30.480239+00:00
2dqTnipCx1g,这是我见过最像保罗乔治的男人 #basketball #籃球 #paulgeorge,,UCUMKfMWKhH8bEZZ4qoNLk4Q,肖他,2025-11-13T09:47:30Z,22,,zh,PT1M39S,99,hd,False,12968,348,3,0,https://en.wikipedia.org/wiki/Basketball|https://en.wikipedia.org/wiki/Sport,2026-05-27T06:49:30.480239+00:00
BmySIGlJDl0,这个孩子才15岁身高就已经207cm了 #basketball #籃球,,UCUMKfMWKhH8bEZZ4qoNLk4Q,肖他,2025-11-12T12:37:14Z,22,,zh,PT2M1S,121,hd,False,13227,338,11,0,https://en.wikipedia.org/wiki/Basketball|https://en.wikipedia.org/wiki/Sport,2026-05-27T06:49:30.480239+00:00
8h2PZsp_9W4,现在170的后卫都这么打球了吗？ #籃球 #basketball,,UCUMKfMWKhH8bEZZ4qoNLk4Q,肖他,2025-11-10T12:39:40Z,22,,zh,PT1M20S,80,hd,False,18595,364,1,0,https://en.wikipedia.org/wiki/Basketball|https://en.wikipedia.org/wiki/Sport,2026-05-27T06:49:30.480239+00:00
9suo7_PQfWA,这位同学不仅是学校长得最帅的，而且打球还是学校最好看的！ #籃球,,UCUMKfMWKhH8bEZZ4qoNLk4Q,肖他,2025-11-08T12:00:21Z,22,,zh,PT1M30S,90,hd,False,6237,136,0,0,https://en.wikipedia.org/wiki/Basketball|https://en.wikipedia.org/wiki/Sport,2026-05-27T06:49:30.480239+00:00
RZvF9dV5zVI,“神奇的篮球小女孩”（未来中国女篮新秀能不能有她一份？） #籃球 #basketball,,UCUMKfMWKhH8bEZZ4qoNLk4Q,肖他,2025-11-06T17:31:40Z,22,,zh,PT2M19S,139,hd,False,7510,196,4,0,https://en.wikipedia.org/wiki/Basketball|https://en.wikipedia.org/wiki/Sport,2026-05-27T06:49:30.480239+00:00
Md0L4xjeDfY,13岁小孩球风很丝滑，击败13岁小孩后，没想到哥哥替他报仇了，哥哥是校队的果然球风很学院派！#籃球 #basketball #单挑荒野,,UCUMKfMWKhH8bEZZ4qoNLk4Q,肖他,2025-11-06T00:41:29Z,22,,zh,PT1M48S,108,hd,False,18562,501,4,0,https://en.wikipedia.org/wiki/Basketball|https://en.wikipedia.org/wiki/Sport,2026-05-27T06:49:30.480239+00:00
dF48IuyY6hw,学校最厉害的老师没想到是健美的#籃球 #basketball #老师 #健美,,UCUMKfMWKhH8bEZZ4qoNLk4Q,肖他,2025-10-01T11:05:23Z,22,,zh,PT1M50S,110,hd,False,44876,778,2,0,https://en.wikipedia.org/wiki/Basketball|https://en.wikipedia.org/wiki/Sport,2026-05-27T06:49:30.480239+00:00
2nH50sVoP3M,在学校遇到这种中投很准的怎么办？ #籃球 #basketball,,UCUMKfMWKhH8bEZZ4qoNLk4Q,肖他,2025-09-17T11:34:14Z,22,,zh,PT1M19S,79,hd,False,9749,201,1,0,https://en.wikipedia.org/wiki/Basketball|https://en.wikipedia.org/wiki/Sport,2026-05-27T06:49:30.480239+00:00
ALdTjo_OsrU,“真正的球场华尔兹”（这小孩长大了肯定很厉害）#basketball #籃球,,UCUMKfMWKhH8bEZZ4qoNLk4Q,肖他,2025-09-17T00:44:13Z,22,,zh,PT1M19S,79,hd,False,94041,1382,54,0,https://en.wikipedia.org/wiki/Basketball|https://en.wikipedia.org/wiki/Sport,2026-05-27T06:49:30.480239+00:00
NVzk24l_gYc,“虽然你是校园第一扣将，但是出来混是要还的”#籃球 #扣篮,,UCUMKfMWKhH8bEZZ4qoNLk4Q,肖他,2025-08-02T04:28:37Z,22,,zh,PT1M4S,64,hd,False,20442,556,4,0,https://en.wikipedia.org/wiki/Basketball|https://en.wikipedia.org/wiki/Sport,2026-05-27T06:49:30.480239+00:00
Mnca1RyVPYU,全国12岁的还有没有比他厉害的？！#basketball #籃球,,UCUMKfMWKhH8bEZZ4qoNLk4Q,肖他,2025-06-18T15:25:20Z,22,,zh,PT1M58S,118,hd,False,21693,621,17,0,https://en.wikipedia.org/wiki/Basketball|https://en.wikipedia.org/wiki/Sport,2026-05-27T06:49:30.480239+00:00
DlpT9MXhtN4,神的跳投确实难防，已经不再是当年的他了#basketball #籃球,,UCUMKfMWKhH8bEZZ4qoNLk4Q,肖他,2025-06-16T09:10:58Z,22,,zh,PT1M57S,117,hd,False,62817,1873,19,0,https://en.wikipedia.org/wiki/Basketball|https://en.wikipedia.org/wiki/Sport,2026-05-27T06:49:30.480239+00:00
o_ZnZVnI6qk,遇到校园乔丹普尔#basketball #籃球,,UCUMKfMWKhH8bEZZ4qoNLk4Q,肖他,2025-06-07T11:04:54Z,22,,zh,PT2M8S,128,hd,False,27002,709,13,0,https://en.wikipedia.org/wiki/Basketball|https://en.wikipedia.org/wiki/Sport,2026-05-27T06:49:30.480239+00:00
kWH6uvztVD4,能秃能投？这次遇到了老年之星的味道…#basketball #籃球 #kobebryant,,UCUMKfMWKhH8bEZZ4qoNLk4Q,肖他,2025-06-06T10:26:38Z,22,,zh-Hant,PT1M20S,80,hd,False,14742,382,2,0,https://en.wikipedia.org/wiki/Basketball|https://en.wikipedia.org/wiki/Sport,2026-05-27T06:49:30.480239+00:00
5jTYEais17Q,难道每个学校的体育老师水平都这么强？？#籃球 #basketball,,UCUMKfMWKhH8bEZZ4qoNLk4Q,肖他,2025-04-20T04:54:16Z,22,,zh,PT1M,60,hd,False,58708,1252,5,0,https://en.wikipedia.org/wiki/Basketball|https://en.wikipedia.org/wiki/Sport,2026-05-27T06:49:30.480239+00:00
3hXUCVF-1KQ,球风最飘逸的是不是就广东球风了？？#籃球 #basketball,,UCUMKfMWKhH8bEZZ4qoNLk4Q,肖他,2025-04-19T02:40:50Z,22,,zh,PT1M59S,119,hd,False,17241,449,5,0,https://en.wikipedia.org/wiki/Basketball|https://en.wikipedia.org/wiki/Sport,2026-05-27T06:49:30.480239+00:00
NL8L5ZmWEAI,“真正的丝滑球风”,,UCUMKfMWKhH8bEZZ4qoNLk4Q,肖他,2025-02-17T09:35:51Z,22,,zh,PT2M5S,125,hd,False,22581,672,12,0,https://en.wikipedia.org/wiki/Basketball|https://en.wikipedia.org/wiki/Sport,2026-05-27T06:49:30.480239+00:00
pPdCzQqhLOI,一场单挑差不多全是争议球了，太爽了#basketball #籃球 #篮球,,UCUMKfMWKhH8bEZZ4qoNLk4Q,肖他,2025-02-13T10:40:44Z,22,,zh,PT1M43S,103,hd,False,31559,882,10,0,https://en.wikipedia.org/wiki/Basketball|https://en.wikipedia.org/wiki/Sport,2026-05-27T06:49:30.480239+00:00
x5Bt3E5P9A4,单挑校园柯蛋 #basketball #籃球,,UCUMKfMWKhH8bEZZ4qoNLk4Q,肖他,2025-02-09T10:09:57Z,22,,zh,PT1M46S,106,hd,False,19986,764,6,0,https://en.wikipedia.org/wiki/Basketball|https://en.wikipedia.org/wiki/Sport,2026-05-27T06:49:30.480239+00:00
RovwTI5ShxU,开学一招开学晃懵你的好兄弟,,UCUMKfMWKhH8bEZZ4qoNLk4Q,肖他,2025-02-08T13:08:09Z,22,,zh,PT23S,23,hd,False,23207,580,5,0,https://en.wikipedia.org/wiki/Basketball|https://en.wikipedia.org/wiki/Sport,2026-05-27T06:49:30.480239+00:00
gBUZq3e3_W4,球场华尔兹？广东球风？#basketball #籃球,,UCUMKfMWKhH8bEZZ4qoNLk4Q,肖他,2025-02-05T09:15:23Z,22,,zh,PT1M23S,83,hd,False,21103,697,6,0,https://en.wikipedia.org/wiki/Basketball|https://en.wikipedia.org/wiki/Sport,2026-05-27T06:49:30.480239+00:00
yiWSuGpkz7I,现在小孩人人都是kr球风吗？？#basketball #籃球,,UCUMKfMWKhH8bEZZ4qoNLk4Q,肖他,2025-02-03T09:27:59Z,22,,zh,PT1M52S,112,hd,False,20293,835,6,0,https://en.wikipedia.org/wiki/Basketball|https://en.wikipedia.org/wiki/Sport,2026-05-27T06:49:30.480239+00:00
Wgzlev5S0as,我闻到了未来之保的味道 #basketball #籃球 #篮球,,UCUMKfMWKhH8bEZZ4qoNLk4Q,肖他,2025-02-01T12:12:47Z,22,,zh,PT1M23S,83,hd,False,24131,1099,10,0,https://en.wikipedia.org/wiki/Basketball|https://en.wikipedia.org/wiki/Sport,2026-05-27T06:49:30.480239+00:00
uNUh9VqJUOY,“过年啦，这不得at你女朋友来拍一 祝大家除夕快乐啦！#新年快樂 #basketball #籃球,,UCUMKfMWKhH8bEZZ4qoNLk4Q,肖他,2025-01-31T09:03:01Z,22,,zh,PT23S,23,hd,False,13605,413,2,0,https://en.wikipedia.org/wiki/Lifestyle_(sociology),2026-05-27T06:49:30.480239+00:00
q71Ro7DP3V8,虽然自己实力确实不够，但是也是想让自己家乡的篮球氛围好一点，也是想让一些农村孩子能跟我们一起互动，我们都一样，对篮球是真的热爱 #basketball ##篮球,,UCUMKfMWKhH8bEZZ4qoNLk4Q,肖他,2025-01-30T11:37:50Z,22,,zh,PT58S,58,hd,False,32443,1311,15,0,https://en.wikipedia.org/wiki/Basketball|https://en.wikipedia.org/wiki/Lifestyle_(sociology),2026-05-27T06:49:30.480239+00:00
GZgLVBEMAf8,0708天赋小伙都这么打球吗？又输了，哎主要是新年想请大家吃饭哈哈哈#basketball #籃球 #篮球,,UCUMKfMWKhH8bEZZ4qoNLk4Q,肖他,2025-01-29T09:24:50Z,22,,zh,PT1M52S,112,hd,False,26033,964,10,0,https://en.wikipedia.org/wiki/Basketball|https://en.wikipedia.org/wiki/Lifestyle_(sociology),2026-05-27T06:49:30.480239+00:00
i9SyyNEJPbU,没想到在球馆遇到了小丑，那必须给他教训一下 #basketball #籃球 #篮球,,UCUMKfMWKhH8bEZZ4qoNLk4Q,肖他,2025-01-28T10:10:29Z,22,,zh,PT2M5S,125,hd,False,250776,7330,45,0,https://en.wikipedia.org/wiki/Basketball|https://en.wikipedia.org/wiki/Sport,2026-05-27T06:49:30.480239+00:00
b8kMwX6Pln0,太强了 防不住  心态差 感觉到了差距 学习到了很多经验 年轻就得经历很多东西 继续成长进步 感谢大家！#basketball #籃球 #篮球,,UCUMKfMWKhH8bEZZ4qoNLk4Q,肖他,2025-01-26T10:21:57Z,22,,zh,PT27S,27,hd,False,35737,955,14,0,https://en.wikipedia.org/wiki/Basketball|https://en.wikipedia.org/wiki/Sport,2026-05-27T06:49:30.480239+00:00
rqqCV4mrtAQ,是不是每个被称为詹姆斯的都这么炸裂？？（广东人平均水平都这么高？）#校园篮球 #basketball #籃球 #篮球,,UCUMKfMWKhH8bEZZ4qoNLk4Q,肖他,2025-01-24T11:47:41Z,22,,zh,PT1M45S,105,hd,False,204362,7575,50,0,https://en.wikipedia.org/wiki/Basketball|https://en.wikipedia.org/wiki/Sport,2026-05-27T06:49:30.480239+00:00
H_-O81MiU34,广东人打球都这么厉害吗？同时我称他为校园最快第一步#单挑 #校园篮球 #basketball #籃球,,UCUMKfMWKhH8bEZZ4qoNLk4Q,肖他,2025-01-22T11:49:46Z,22,,zh,PT1M37S,97,hd,False,26130,816,5,0,https://en.wikipedia.org/wiki/Basketball|https://en.wikipedia.org/wiki/Sport,2026-05-27T06:49:30.480239+00:00
bE0qxgR6jLk,“你认为天赋跟努力哪个重要”这次被天赋球员军训了！（08年195cm，臂展2m多）兄弟们遇到天赋球员该怎么打？！#basketball #籃球 #篮球,,UCUMKfMWKhH8bEZZ4qoNLk4Q,肖他,2025-01-22T07:41:33Z,22,,zh,PT2M13S,133,hd,False,45747,1912,23,0,https://en.wikipedia.org/wiki/Basketball|https://en.wikipedia.org/wiki/Sport,2026-05-27T06:49:30.480239+00:00
5Q8ICghH_RE,高一最能扣的175cm#校园篮球 #basketball #籃球,,UCUMKfMWKhH8bEZZ4qoNLk4Q,肖他,2025-01-21T10:22:19Z,22,,zh,PT56S,56,hd,False,73731,2271,5,0,https://en.wikipedia.org/wiki/Basketball|https://en.wikipedia.org/wiki/Sport,2026-05-27T06:49:30.480239+00:00
4ZGIKXU2mwU,球馆发现一位号称湖南杜兰特的球员，重点是我求着他跟我打单挑，把我打爆了#basketball #中国篮球 #籃球,,UCUMKfMWKhH8bEZZ4qoNLk4Q,肖他,2025-01-20T08:25:41Z,22,,zh,PT46S,46,hd,False,71359,2672,23,0,https://en.wikipedia.org/wiki/Basketball|https://en.wikipedia.org/wiki/Sport,2026-05-27T06:49:30.480239+00:00
3NoZgYa1cJ4,当我击败学校最能扣的学生后，没想到他兄弟站出来了，给我上了一课…#单挑 #中国篮球 #basketball #籃球 #篮球,,UCUMKfMWKhH8bEZZ4qoNLk4Q,肖他,2025-01-19T10:42:36Z,22,,zh,PT1M27S,87,hd,False,208688,5184,26,0,https://en.wikipedia.org/wiki/Basketball|https://en.wikipedia.org/wiki/Sport,2026-05-27T06:49:30.480239+00:00
uukiA-OotRU,“我没有天赋，那就努力成为天赋”艾特你出身边的天赋怪来跟他碰一碰 #basketball #籃球 #篮球,,UCUMKfMWKhH8bEZZ4qoNLk4Q,肖他,2025-01-18T09:52:38Z,22,,zh,PT50S,50,hd,False,45398,1576,25,0,https://en.wikipedia.org/wiki/Basketball|https://en.wikipedia.org/wiki/Sport,2026-05-27T06:49:30.480239+00:00
MUaAnDSFuKc,真正的未来之星 #basketball #籃球 #篮球,,UCUMKfMWKhH8bEZZ4qoNLk4Q,肖他,2025-01-17T09:34:05Z,22,,zh,PT1M1S,61,hd,False,12390,409,4,0,https://en.wikipedia.org/wiki/Basketball|https://en.wikipedia.org/wiki/Sport,2026-05-27T06:49:30.480239+00:00
0yTa4-0dOBU,打半场被跳投第一人零封，没想到疯狂嘲讽，那必须给他上一课了#basketball #籃球 #篮球,,UCUMKfMWKhH8bEZZ4qoNLk4Q,肖他,2025-01-16T09:38:07Z,22,,zh,PT1M1S,61,hd,False,11132,315,2,0,https://en.wikipedia.org/wiki/Basketball|https://en.wikipedia.org/wiki/Sport,2026-05-27T06:49:30.480239+00:00
BGrtFNY16Tg,不就是扣篮吗？可是我不会#扣篮 #basketball #籃球,,UCUMKfMWKhH8bEZZ4qoNLk4Q,肖他,2025-01-15T08:22:27Z,22,,zh,PT26S,26,hd,False,47546,1166,1,0,https://en.wikipedia.org/wiki/Basketball|https://en.wikipedia.org/wiki/Sport,2026-05-27T06:49:30.480239+00:00
ICGkTYL0v98,物理老师指名单挑要给我上一课，结果被我上课了#籃球 #basketball,,UCUMKfMWKhH8bEZZ4qoNLk4Q,肖他,2025-01-14T10:12:20Z,22,,zh,PT1M27S,87,hd,False,12969,460,1,0,https://en.wikipedia.org/wiki/Basketball|https://en.wikipedia.org/wiki/Sport,2026-05-27T06:49:30.480239+00:00
og3bgJ6Mkic,年轻就是要接受一些失败，才能找到自己的不足#籃球 #basketball,,UCUMKfMWKhH8bEZZ4qoNLk4Q,肖他,2025-01-13T09:53:59Z,22,,zh,PT42S,42,hd,False,24953,696,8,0,https://en.wikipedia.org/wiki/Basketball|https://en.wikipedia.org/wiki/Sport,2026-05-27T06:49:30.480239+00:00
N1fAeTXQWjQ,遇到了张文杰前队友，据说还是耐高三分王，那必须给他军训一下 #basketball #籃球,,UCUMKfMWKhH8bEZZ4qoNLk4Q,肖他,2025-01-12T09:58:07Z,22,,zh,PT49S,49,hd,False,7983,204,1,0,https://en.wikipedia.org/wiki/Basketball|https://en.wikipedia.org/wiki/Sport,2026-05-27T06:49:30.480239+00:00
EIy800iNVXo,遇到了张文杰前队友，据说还是耐高三分王，那必须给他军训一下 #basketball #籃球,,UCUMKfMWKhH8bEZZ4qoNLk4Q,肖他,2025-01-11T15:43:51Z,22,,zh,PT1M1S,61,hd,False,40599,1204,7,0,https://en.wikipedia.org/wiki/Basketball|https://en.wikipedia.org/wiki/Sport,2026-05-27T06:49:30.480239+00:00
iwr0rIVhdzU,在传统名校遇到了学校校草 #籃球 #basketball,,UCUMKfMWKhH8bEZZ4qoNLk4Q,肖他,2025-01-08T09:46:42Z,22,,zh,PT1M41S,101,hd,False,102929,3288,32,0,https://en.wikipedia.org/wiki/Basketball|https://en.wikipedia.org/wiki/Sport,2026-05-27T06:49:30.480239+00:00
f4WrgnF0-bo,在高中遇到校园巨龙，而且还是学校最美式的球员，那必须给他上上课了#校园篮球 #籃球 #basketball,,UCUMKfMWKhH8bEZZ4qoNLk4Q,肖他,2025-01-06T11:00:09Z,22,,zh,PT1M41S,101,hd,False,19052,569,3,0,https://en.wikipedia.org/wiki/Basketball|https://en.wikipedia.org/wiki/Sport,2026-05-27T06:49:30.480239+00:00
R2THn80D9Kg,现在在人人都是未来之星#校园篮球 #籃球 #basketball,,UCUMKfMWKhH8bEZZ4qoNLk4Q,肖他,2025-01-04T10:16:20Z,22,,zh,PT1M16S,76,hd,False,12338,440,0,0,https://en.wikipedia.org/wiki/Basketball|https://en.wikipedia.org/wiki/Sport,2026-05-27T06:49:30.480239+00:00
tQ5tLXhUGdA,球场上的胖子简直就是内线大杀器，如果在灵活点是真的很难防 #籃球,,UCUMKfMWKhH8bEZZ4qoNLk4Q,肖他,2025-01-03T08:27:09Z,22,,zh,PT1M19S,79,hd,False,30824,1149,2,0,https://en.wikipedia.org/wiki/Basketball|https://en.wikipedia.org/wiki/Sport,2026-05-27T06:49:30.480239+00:00
EUvXpD9leNI,This high school student can only dunk in one on one?,,UCUMKfMWKhH8bEZZ4qoNLk4Q,肖他,2025-01-02T05:02:38Z,22,,en,PT1M1S,61,hd,False,12347,410,4,0,https://en.wikipedia.org/wiki/Basketball|https://en.wikipedia.org/wiki/Sport,2026-05-27T06:49:30.480239+00:00
WakwhxxYJrI,校园遇到了复刻版布克，而且还是学校跳投最准的 #籃球 #basketball,,UCUMKfMWKhH8bEZZ4qoNLk4Q,肖他,2025-01-01T09:56:52Z,22,,zh,PT1M,60,hd,False,437832,13643,67,0,https://en.wikipedia.org/wiki/Basketball|https://en.wikipedia.org/wiki/Sport,2026-05-27T06:49:30.480239+00:00
eEVO2I2DXuo,这老师投篮很柔和，篮球技术也不错，年轻的时候篮球水平肯定很厉害#籃球 #basketball,,UCUMKfMWKhH8bEZZ4qoNLk4Q,肖他,2024-12-31T13:25:38Z,22,,zh,PT32S,32,hd,False,23573,616,0,0,https://en.wikipedia.org/wiki/Basketball|https://en.wikipedia.org/wiki/Sport,2026-05-27T06:49:30.480239+00:00
GRrhtZZaXgk,接上集：学校球王居然是裁判？？不得不说这二级裁判确实挺不错... #籃球 #basketball,,UCUMKfMWKhH8bEZZ4qoNLk4Q,肖他,2024-12-30T11:02:17Z,22,,zh,PT35S,35,hd,False,29744,838,5,0,https://en.wikipedia.org/wiki/Basketball|https://en.wikipedia.org/wiki/Sport,2026-05-27T06:49:30.480239+00:00
2S350CkaFcc,学校球王居然是裁判？？不得不说这二级裁判确实挺不错... #籃球 #basketball,,UCUMKfMWKhH8bEZZ4qoNLk4Q,肖他,2024-12-29T07:51:06Z,22,,zh,PT1M,60,hd,False,192759,6910,35,0,https://en.wikipedia.org/wiki/Basketball|https://en.wikipedia.org/wiki/Sport,2026-05-27T06:49:30.480239+00:00
0x-0mdS8QhM,接上集：虽然你是我见过运球速率最快的 但是你还是得收着两套试卷 #籃球 #校园篮球 #basketball,,UCUMKfMWKhH8bEZZ4qoNLk4Q,肖他,2024-12-28T11:23:21Z,22,,zh,PT51S,51,hd,False,51218,1436,6,0,https://en.wikipedia.org/wiki/Basketball|https://en.wikipedia.org/wiki/Sport,2026-05-27T06:49:30.480239+00:00
_WuwWfz43Ig,虽然你是我见过运球速率最快的 但是你还是得收着两套试卷 #籃球 #校园篮球 #basketball,,UCUMKfMWKhH8bEZZ4qoNLk4Q,肖他,2024-12-27T08:52:18Z,22,,zh,PT1M,60,hd,False,582134,15908,41,0,https://en.wikipedia.org/wiki/Basketball|https://en.wikipedia.org/wiki/Sport,2026-05-27T06:49:30.480239+00:00
aM0uBFPJEJE,接上集：被称为莫兰特的球员都不简单 #籃球 #basketball,,UCUMKfMWKhH8bEZZ4qoNLk4Q,肖他,2024-12-26T14:07:12Z,22,,zh,PT1M1S,61,hd,False,10129,228,4,0,https://en.wikipedia.org/wiki/Basketball|https://en.wikipedia.org/wiki/Sport,2026-05-27T06:49:30.480239+00:00
sWLgSGsvID8,被称为莫兰特的球员都不简单 #籃球 #basketball,,UCUMKfMWKhH8bEZZ4qoNLk4Q,肖他,2024-12-25T08:40:29Z,22,,zh,PT1M,60,hd,False,78899,2838,76,0,https://en.wikipedia.org/wiki/Basketball|https://en.wikipedia.org/wiki/Sport,2026-05-27T06:49:30.480239+00:00
zTaSb0CEJvU,今天打球碰见了球场华尔兹 #籃球 #basketball,,UCUMKfMWKhH8bEZZ4qoNLk4Q,肖他,2024-12-24T07:59:55Z,22,,zh,PT1M56S,116,hd,False,405264,12058,52,0,https://en.wikipedia.org/wiki/Basketball|https://en.wikipedia.org/wiki/Sport,2026-05-27T06:49:30.480239+00:00
FDcz9boWmfw,接上集：在高中个个都是未来之星在球场给学生们上课 #籃球 #basketball,,UCUMKfMWKhH8bEZZ4qoNLk4Q,肖他,2024-12-23T09:44:00Z,22,,zh,PT37S,37,hd,False,9070,232,0,0,https://en.wikipedia.org/wiki/Basketball|https://en.wikipedia.org/wiki/Sport,2026-05-27T06:49:30.480239+00:00
H3Ye6YieXcY,“在高中个个都是未来之星” #籃球 #basketball,,UCUMKfMWKhH8bEZZ4qoNLk4Q,肖他,2024-12-23T04:55:43Z,22,,zh,PT1M1S,61,hd,False,9901,336,2,0,https://en.wikipedia.org/wiki/Basketball|https://en.wikipedia.org/wiki/Sport,2026-05-27T06:49:30.480239+00:00
8lWxWiFy3vw,谈恋爱前的后卫vs谈恋爱后的后卫 #篮球 #basketball,,UCUMKfMWKhH8bEZZ4qoNLk4Q,肖他,2024-12-22T09:04:14Z,22,,zh,PT42S,42,hd,False,9610,261,1,0,https://en.wikipedia.org/wiki/Basketball|https://en.wikipedia.org/wiki/Sport,2026-05-27T06:49:30.480239+00:00
74ZWkpGL2W4,接上集：被称为罗斯的球员都不简单 #籃球 #basketball,,UCUMKfMWKhH8bEZZ4qoNLk4Q,肖他,2024-12-22T06:00:30Z,22,,zh,PT1M1S,61,hd,False,19510,684,2,0,https://en.wikipedia.org/wiki/Basketball|https://en.wikipedia.org/wiki/Sport,2026-05-27T06:49:30.480239+00:00
wfRgUgbz6Ig,被称为罗斯的球员都不简单 #籃球 #basketball,,UCUMKfMWKhH8bEZZ4qoNLk4Q,肖他,2024-12-21T10:52:50Z,22,,zh,PT1M1S,61,hd,False,128482,4621,20,0,https://en.wikipedia.org/wiki/Basketball|https://en.wikipedia.org/wiki/Sport,2026-05-27T06:49:30.480239+00:00
V-xPXrUEovY,接上集：在球馆遇到湖南最强高中生 #篮球 #basketball,,UCUMKfMWKhH8bEZZ4qoNLk4Q,肖他,2024-12-21T06:00:54Z,22,,zh,PT1M1S,61,hd,False,9504,261,2,0,https://en.wikipedia.org/wiki/Basketball|https://en.wikipedia.org/wiki/Sport,2026-05-27T06:49:30.480239+00:00
i_EIVPp6ymY,在球馆遇到湖南最强高中生！#篮球 #basketball,,UCUMKfMWKhH8bEZZ4qoNLk4Q,肖他,2024-12-20T11:45:30Z,22,,zh,PT1M,60,hd,False,6085,186,1,0,https://en.wikipedia.org/wiki/Basketball|https://en.wikipedia.org/wiki/Sport,2026-05-27T06:49:30.480239+00:00
TPMXGKOzZZY,中式后卫与美式后卫的区别 #篮球 #basketball,,UCUMKfMWKhH8bEZZ4qoNLk4Q,肖他,2024-12-20T06:09:23Z,22,,zh,PT40S,40,hd,False,6844,159,5,0,https://en.wikipedia.org/wiki/Basketball|https://en.wikipedia.org/wiki/Sport,2026-05-27T06:49:30.480239+00:00
CN_2_rlLJ-I,你们尽情的说我剪辑球员，那我就尽情的表演～（艾特你身边汗流浃背的兄弟来防我）#篮球 #basketball,,UCUMKfMWKhH8bEZZ4qoNLk4Q,肖他,2024-12-19T12:21:41Z,22,,zh,PT19S,19,hd,False,6458,132,2,0,https://en.wikipedia.org/wiki/Basketball|https://en.wikipedia.org/wiki/Sport,2026-05-27T06:49:30.480239+00:00
wo3ms8DKOPs,美式球员与中式球员的区别 #篮球 #basketball,,UCUMKfMWKhH8bEZZ4qoNLk4Q,肖他,2024-12-19T07:08:47Z,22,,zh,PT40S,40,hd,False,9618,257,2,0,https://en.wikipedia.org/wiki/Basketball|https://en.wikipedia.org/wiki/Sport,2026-05-27T06:49:30.480239+00:00
